column,train_missing,val_missing,test_missing,train_pct,val_pct,test_pct
oa_status_bronze,896574,112319,112234,0.93393125,0.9359916666666667,0.9352833333333334
oa_status_hybrid,894459,112332,112282,0.931728125,0.9361,0.9356833333333333
oa_status_green,884087,110609,110525,0.9209239583333333,0.9217416666666667,0.9210416666666666
oa_status_diamond,855879,107382,99511,0.891540625,0.89485,0.8292583333333333
oa_status_gold,794909,99271,99147,0.8280302083333333,0.8272583333333333,0.826225
oa_status_closed,387178,48310,48724,0.40331041666666667,0.40258333333333335,0.40603333333333336
abstract_length,0,0,0,0.0,0.0,0.0
abstract_word_count,0,0,0,0.0,0.0,0.0
avg_author_citations,0,0,0,0.0,0.0,0.0
avg_author_h_index,0,0,0,0.0,0.0,0.0
avg_concept_score,0,0,0,0.0,0.0,0.0
avg_topic_score,0,0,0,0.0,0.0,0.0
first_author_citations,0,0,0,0.0,0.0,0.0
first_author_h_index,0,0,0,0.0,0.0,0.0
first_author_papers,0,0,0,0.0,0.0,0.0
has_abstract,0,0,0,0.0,0.0,0.0
has_doi,0,0,0,0.0,0.0,0.0
has_grants,0,0,0,0.0,0.0,0.0
has_pmcid,0,0,0,0.0,0.0,0.0
has_pmid,0,0,0,0.0,0.0,0.0
has_sdgs,0,0,0,0.0,0.0,0.0
id,0,0,0,0.0,0.0,0.0
is_in_doaj,0,0,0,0.0,0.0,0.0
is_oa,0,0,0,0.0,0.0,0.0
is_oa_venue,0,0,0,0.0,0.0,0.0
language,0,0,0,0.0,0.0,0.0
max_author_h_index,0,0,0,0.0,0.0,0.0
max_concept_score,0,0,0,0.0,0.0,0.0
max_topic_score,0,0,0,0.0,0.0,0.0
nlp_avg_sentence_length,0,0,0,0.0,0.0,0.0
nlp_avg_word_length,0,0,0,0.0,0.0,0.0
nlp_capital_ratio,0,0,0,0.0,0.0,0.0
nlp_char_count,0,0,0,0.0,0.0,0.0
nlp_number_ratio,0,0,0,0.0,0.0,0.0
nlp_punctuation_ratio,0,0,0,0.0,0.0,0.0
nlp_sentence_count,0,0,0,0.0,0.0,0.0
nlp_word_count,0,0,0,0.0,0.0,0.0
num_authors,0,0,0,0.0,0.0,0.0
num_concepts,0,0,0,0.0,0.0,0.0
num_grants,0,0,0,0.0,0.0,0.0
num_high_concepts,0,0,0,0.0,0.0,0.0
num_institutions,0,0,0,0.0,0.0,0.0
num_keywords,0,0,0,0.0,0.0,0.0
num_locations,0,0,0,0.0,0.0,0.0
num_mesh_terms,0,0,0,0.0,0.0,0.0
num_references,0,0,0,0.0,0.0,0.0
num_related_works,0,0,0,0.0,0.0,0.0
num_sdgs,0,0,0,0.0,0.0,0.0
num_topics,0,0,0,0.0,0.0,0.0
publication_year,0,0,0,0.0,0.0,0.0
title_length,0,0,0,0.0,0.0,0.0
title_word_count,0,0,0,0.0,0.0,0.0
total_author_citations,0,0,0,0.0,0.0,0.0
type,0,0,0,0.0,0.0,0.0
venue_citations,0,0,0,0.0,0.0,0.0
venue_h_index,0,0,0,0.0,0.0,0.0
venue_impact_factor,0,0,0,0.0,0.0,0.0
scibert_dim_0,0,0,0,0.0,0.0,0.0
scibert_dim_1,0,0,0,0.0,0.0,0.0
scibert_dim_10,0,0,0,0.0,0.0,0.0
scibert_dim_100,0,0,0,0.0,0.0,0.0
scibert_dim_101,0,0,0,0.0,0.0,0.0
scibert_dim_102,0,0,0,0.0,0.0,0.0
scibert_dim_103,0,0,0,0.0,0.0,0.0
scibert_dim_104,0,0,0,0.0,0.0,0.0
scibert_dim_105,0,0,0,0.0,0.0,0.0
scibert_dim_106,0,0,0,0.0,0.0,0.0
scibert_dim_107,0,0,0,0.0,0.0,0.0
scibert_dim_108,0,0,0,0.0,0.0,0.0
scibert_dim_109,0,0,0,0.0,0.0,0.0
scibert_dim_11,0,0,0,0.0,0.0,0.0
scibert_dim_110,0,0,0,0.0,0.0,0.0
scibert_dim_111,0,0,0,0.0,0.0,0.0
scibert_dim_112,0,0,0,0.0,0.0,0.0
scibert_dim_113,0,0,0,0.0,0.0,0.0
scibert_dim_114,0,0,0,0.0,0.0,0.0
scibert_dim_115,0,0,0,0.0,0.0,0.0
scibert_dim_116,0,0,0,0.0,0.0,0.0
scibert_dim_117,0,0,0,0.0,0.0,0.0
scibert_dim_118,0,0,0,0.0,0.0,0.0
scibert_dim_119,0,0,0,0.0,0.0,0.0
scibert_dim_12,0,0,0,0.0,0.0,0.0
scibert_dim_120,0,0,0,0.0,0.0,0.0
scibert_dim_121,0,0,0,0.0,0.0,0.0
scibert_dim_122,0,0,0,0.0,0.0,0.0
scibert_dim_123,0,0,0,0.0,0.0,0.0
scibert_dim_124,0,0,0,0.0,0.0,0.0
scibert_dim_125,0,0,0,0.0,0.0,0.0
scibert_dim_126,0,0,0,0.0,0.0,0.0
scibert_dim_127,0,0,0,0.0,0.0,0.0
scibert_dim_128,0,0,0,0.0,0.0,0.0
scibert_dim_129,0,0,0,0.0,0.0,0.0
scibert_dim_13,0,0,0,0.0,0.0,0.0
scibert_dim_130,0,0,0,0.0,0.0,0.0
scibert_dim_131,0,0,0,0.0,0.0,0.0
scibert_dim_132,0,0,0,0.0,0.0,0.0
scibert_dim_133,0,0,0,0.0,0.0,0.0
scibert_dim_134,0,0,0,0.0,0.0,0.0
scibert_dim_135,0,0,0,0.0,0.0,0.0
scibert_dim_136,0,0,0,0.0,0.0,0.0
scibert_dim_137,0,0,0,0.0,0.0,0.0
scibert_dim_138,0,0,0,0.0,0.0,0.0
scibert_dim_139,0,0,0,0.0,0.0,0.0
scibert_dim_14,0,0,0,0.0,0.0,0.0
scibert_dim_140,0,0,0,0.0,0.0,0.0
scibert_dim_141,0,0,0,0.0,0.0,0.0
scibert_dim_142,0,0,0,0.0,0.0,0.0
scibert_dim_143,0,0,0,0.0,0.0,0.0
scibert_dim_144,0,0,0,0.0,0.0,0.0
scibert_dim_145,0,0,0,0.0,0.0,0.0
scibert_dim_146,0,0,0,0.0,0.0,0.0
scibert_dim_147,0,0,0,0.0,0.0,0.0
scibert_dim_148,0,0,0,0.0,0.0,0.0
scibert_dim_149,0,0,0,0.0,0.0,0.0
scibert_dim_15,0,0,0,0.0,0.0,0.0
scibert_dim_150,0,0,0,0.0,0.0,0.0
scibert_dim_151,0,0,0,0.0,0.0,0.0
scibert_dim_152,0,0,0,0.0,0.0,0.0
scibert_dim_153,0,0,0,0.0,0.0,0.0
scibert_dim_154,0,0,0,0.0,0.0,0.0
scibert_dim_155,0,0,0,0.0,0.0,0.0
scibert_dim_156,0,0,0,0.0,0.0,0.0
scibert_dim_157,0,0,0,0.0,0.0,0.0
scibert_dim_158,0,0,0,0.0,0.0,0.0
scibert_dim_159,0,0,0,0.0,0.0,0.0
scibert_dim_16,0,0,0,0.0,0.0,0.0
scibert_dim_160,0,0,0,0.0,0.0,0.0
scibert_dim_161,0,0,0,0.0,0.0,0.0
scibert_dim_162,0,0,0,0.0,0.0,0.0
scibert_dim_163,0,0,0,0.0,0.0,0.0
scibert_dim_164,0,0,0,0.0,0.0,0.0
scibert_dim_165,0,0,0,0.0,0.0,0.0
scibert_dim_166,0,0,0,0.0,0.0,0.0
scibert_dim_167,0,0,0,0.0,0.0,0.0
scibert_dim_168,0,0,0,0.0,0.0,0.0
scibert_dim_169,0,0,0,0.0,0.0,0.0
scibert_dim_17,0,0,0,0.0,0.0,0.0
scibert_dim_170,0,0,0,0.0,0.0,0.0
scibert_dim_171,0,0,0,0.0,0.0,0.0
scibert_dim_172,0,0,0,0.0,0.0,0.0
scibert_dim_173,0,0,0,0.0,0.0,0.0
scibert_dim_174,0,0,0,0.0,0.0,0.0
scibert_dim_175,0,0,0,0.0,0.0,0.0
scibert_dim_176,0,0,0,0.0,0.0,0.0
scibert_dim_177,0,0,0,0.0,0.0,0.0
scibert_dim_178,0,0,0,0.0,0.0,0.0
scibert_dim_179,0,0,0,0.0,0.0,0.0
scibert_dim_18,0,0,0,0.0,0.0,0.0
scibert_dim_180,0,0,0,0.0,0.0,0.0
scibert_dim_181,0,0,0,0.0,0.0,0.0
scibert_dim_182,0,0,0,0.0,0.0,0.0
scibert_dim_183,0,0,0,0.0,0.0,0.0
scibert_dim_184,0,0,0,0.0,0.0,0.0
scibert_dim_185,0,0,0,0.0,0.0,0.0
scibert_dim_186,0,0,0,0.0,0.0,0.0
scibert_dim_187,0,0,0,0.0,0.0,0.0
scibert_dim_188,0,0,0,0.0,0.0,0.0
scibert_dim_189,0,0,0,0.0,0.0,0.0
scibert_dim_19,0,0,0,0.0,0.0,0.0
scibert_dim_190,0,0,0,0.0,0.0,0.0
scibert_dim_191,0,0,0,0.0,0.0,0.0
scibert_dim_192,0,0,0,0.0,0.0,0.0
scibert_dim_193,0,0,0,0.0,0.0,0.0
scibert_dim_194,0,0,0,0.0,0.0,0.0
scibert_dim_195,0,0,0,0.0,0.0,0.0
scibert_dim_196,0,0,0,0.0,0.0,0.0
scibert_dim_197,0,0,0,0.0,0.0,0.0
scibert_dim_198,0,0,0,0.0,0.0,0.0
scibert_dim_199,0,0,0,0.0,0.0,0.0
scibert_dim_2,0,0,0,0.0,0.0,0.0
scibert_dim_20,0,0,0,0.0,0.0,0.0
scibert_dim_200,0,0,0,0.0,0.0,0.0
scibert_dim_201,0,0,0,0.0,0.0,0.0
scibert_dim_202,0,0,0,0.0,0.0,0.0
scibert_dim_203,0,0,0,0.0,0.0,0.0
scibert_dim_204,0,0,0,0.0,0.0,0.0
scibert_dim_205,0,0,0,0.0,0.0,0.0
scibert_dim_206,0,0,0,0.0,0.0,0.0
scibert_dim_207,0,0,0,0.0,0.0,0.0
scibert_dim_208,0,0,0,0.0,0.0,0.0
scibert_dim_209,0,0,0,0.0,0.0,0.0
scibert_dim_21,0,0,0,0.0,0.0,0.0
scibert_dim_210,0,0,0,0.0,0.0,0.0
scibert_dim_211,0,0,0,0.0,0.0,0.0
scibert_dim_212,0,0,0,0.0,0.0,0.0
scibert_dim_213,0,0,0,0.0,0.0,0.0
scibert_dim_214,0,0,0,0.0,0.0,0.0
scibert_dim_215,0,0,0,0.0,0.0,0.0
scibert_dim_216,0,0,0,0.0,0.0,0.0
scibert_dim_217,0,0,0,0.0,0.0,0.0
scibert_dim_218,0,0,0,0.0,0.0,0.0
scibert_dim_219,0,0,0,0.0,0.0,0.0
scibert_dim_22,0,0,0,0.0,0.0,0.0
scibert_dim_220,0,0,0,0.0,0.0,0.0
scibert_dim_221,0,0,0,0.0,0.0,0.0
scibert_dim_222,0,0,0,0.0,0.0,0.0
scibert_dim_223,0,0,0,0.0,0.0,0.0
scibert_dim_224,0,0,0,0.0,0.0,0.0
scibert_dim_225,0,0,0,0.0,0.0,0.0
scibert_dim_226,0,0,0,0.0,0.0,0.0
scibert_dim_227,0,0,0,0.0,0.0,0.0
scibert_dim_228,0,0,0,0.0,0.0,0.0
scibert_dim_229,0,0,0,0.0,0.0,0.0
scibert_dim_23,0,0,0,0.0,0.0,0.0
scibert_dim_230,0,0,0,0.0,0.0,0.0
scibert_dim_231,0,0,0,0.0,0.0,0.0
scibert_dim_232,0,0,0,0.0,0.0,0.0
scibert_dim_233,0,0,0,0.0,0.0,0.0
scibert_dim_234,0,0,0,0.0,0.0,0.0
scibert_dim_235,0,0,0,0.0,0.0,0.0
scibert_dim_236,0,0,0,0.0,0.0,0.0
scibert_dim_237,0,0,0,0.0,0.0,0.0
scibert_dim_238,0,0,0,0.0,0.0,0.0
scibert_dim_239,0,0,0,0.0,0.0,0.0
scibert_dim_24,0,0,0,0.0,0.0,0.0
scibert_dim_240,0,0,0,0.0,0.0,0.0
scibert_dim_241,0,0,0,0.0,0.0,0.0
scibert_dim_242,0,0,0,0.0,0.0,0.0
scibert_dim_243,0,0,0,0.0,0.0,0.0
scibert_dim_244,0,0,0,0.0,0.0,0.0
scibert_dim_245,0,0,0,0.0,0.0,0.0
scibert_dim_246,0,0,0,0.0,0.0,0.0
scibert_dim_247,0,0,0,0.0,0.0,0.0
scibert_dim_248,0,0,0,0.0,0.0,0.0
scibert_dim_249,0,0,0,0.0,0.0,0.0
scibert_dim_25,0,0,0,0.0,0.0,0.0
scibert_dim_250,0,0,0,0.0,0.0,0.0
scibert_dim_251,0,0,0,0.0,0.0,0.0
scibert_dim_252,0,0,0,0.0,0.0,0.0
scibert_dim_253,0,0,0,0.0,0.0,0.0
scibert_dim_254,0,0,0,0.0,0.0,0.0
scibert_dim_255,0,0,0,0.0,0.0,0.0
scibert_dim_256,0,0,0,0.0,0.0,0.0
scibert_dim_257,0,0,0,0.0,0.0,0.0
scibert_dim_258,0,0,0,0.0,0.0,0.0
scibert_dim_259,0,0,0,0.0,0.0,0.0
scibert_dim_26,0,0,0,0.0,0.0,0.0
scibert_dim_260,0,0,0,0.0,0.0,0.0
scibert_dim_261,0,0,0,0.0,0.0,0.0
scibert_dim_262,0,0,0,0.0,0.0,0.0
scibert_dim_263,0,0,0,0.0,0.0,0.0
scibert_dim_264,0,0,0,0.0,0.0,0.0
scibert_dim_265,0,0,0,0.0,0.0,0.0
scibert_dim_266,0,0,0,0.0,0.0,0.0
scibert_dim_267,0,0,0,0.0,0.0,0.0
scibert_dim_268,0,0,0,0.0,0.0,0.0
scibert_dim_269,0,0,0,0.0,0.0,0.0
scibert_dim_27,0,0,0,0.0,0.0,0.0
scibert_dim_270,0,0,0,0.0,0.0,0.0
scibert_dim_271,0,0,0,0.0,0.0,0.0
scibert_dim_272,0,0,0,0.0,0.0,0.0
scibert_dim_273,0,0,0,0.0,0.0,0.0
scibert_dim_274,0,0,0,0.0,0.0,0.0
scibert_dim_275,0,0,0,0.0,0.0,0.0
scibert_dim_276,0,0,0,0.0,0.0,0.0
scibert_dim_277,0,0,0,0.0,0.0,0.0
scibert_dim_278,0,0,0,0.0,0.0,0.0
scibert_dim_279,0,0,0,0.0,0.0,0.0
scibert_dim_28,0,0,0,0.0,0.0,0.0
scibert_dim_280,0,0,0,0.0,0.0,0.0
scibert_dim_281,0,0,0,0.0,0.0,0.0
scibert_dim_282,0,0,0,0.0,0.0,0.0
scibert_dim_283,0,0,0,0.0,0.0,0.0
scibert_dim_284,0,0,0,0.0,0.0,0.0
scibert_dim_285,0,0,0,0.0,0.0,0.0
scibert_dim_286,0,0,0,0.0,0.0,0.0
scibert_dim_287,0,0,0,0.0,0.0,0.0
scibert_dim_288,0,0,0,0.0,0.0,0.0
scibert_dim_289,0,0,0,0.0,0.0,0.0
scibert_dim_29,0,0,0,0.0,0.0,0.0
scibert_dim_290,0,0,0,0.0,0.0,0.0
scibert_dim_291,0,0,0,0.0,0.0,0.0
scibert_dim_292,0,0,0,0.0,0.0,0.0
scibert_dim_293,0,0,0,0.0,0.0,0.0
scibert_dim_294,0,0,0,0.0,0.0,0.0
scibert_dim_295,0,0,0,0.0,0.0,0.0
scibert_dim_296,0,0,0,0.0,0.0,0.0
scibert_dim_297,0,0,0,0.0,0.0,0.0
scibert_dim_298,0,0,0,0.0,0.0,0.0
scibert_dim_299,0,0,0,0.0,0.0,0.0
scibert_dim_3,0,0,0,0.0,0.0,0.0
scibert_dim_30,0,0,0,0.0,0.0,0.0
scibert_dim_300,0,0,0,0.0,0.0,0.0
scibert_dim_301,0,0,0,0.0,0.0,0.0
scibert_dim_302,0,0,0,0.0,0.0,0.0
scibert_dim_303,0,0,0,0.0,0.0,0.0
scibert_dim_304,0,0,0,0.0,0.0,0.0
scibert_dim_305,0,0,0,0.0,0.0,0.0
scibert_dim_306,0,0,0,0.0,0.0,0.0
scibert_dim_307,0,0,0,0.0,0.0,0.0
scibert_dim_308,0,0,0,0.0,0.0,0.0
scibert_dim_309,0,0,0,0.0,0.0,0.0
scibert_dim_31,0,0,0,0.0,0.0,0.0
scibert_dim_310,0,0,0,0.0,0.0,0.0
scibert_dim_311,0,0,0,0.0,0.0,0.0
scibert_dim_312,0,0,0,0.0,0.0,0.0
scibert_dim_313,0,0,0,0.0,0.0,0.0
scibert_dim_314,0,0,0,0.0,0.0,0.0
scibert_dim_315,0,0,0,0.0,0.0,0.0
scibert_dim_316,0,0,0,0.0,0.0,0.0
scibert_dim_317,0,0,0,0.0,0.0,0.0
scibert_dim_318,0,0,0,0.0,0.0,0.0
scibert_dim_319,0,0,0,0.0,0.0,0.0
scibert_dim_32,0,0,0,0.0,0.0,0.0
scibert_dim_320,0,0,0,0.0,0.0,0.0
scibert_dim_321,0,0,0,0.0,0.0,0.0
scibert_dim_322,0,0,0,0.0,0.0,0.0
scibert_dim_323,0,0,0,0.0,0.0,0.0
scibert_dim_324,0,0,0,0.0,0.0,0.0
scibert_dim_325,0,0,0,0.0,0.0,0.0
scibert_dim_326,0,0,0,0.0,0.0,0.0
scibert_dim_327,0,0,0,0.0,0.0,0.0
scibert_dim_328,0,0,0,0.0,0.0,0.0
scibert_dim_329,0,0,0,0.0,0.0,0.0
scibert_dim_33,0,0,0,0.0,0.0,0.0
scibert_dim_330,0,0,0,0.0,0.0,0.0
scibert_dim_331,0,0,0,0.0,0.0,0.0
scibert_dim_332,0,0,0,0.0,0.0,0.0
scibert_dim_333,0,0,0,0.0,0.0,0.0
scibert_dim_334,0,0,0,0.0,0.0,0.0
scibert_dim_335,0,0,0,0.0,0.0,0.0
scibert_dim_336,0,0,0,0.0,0.0,0.0
scibert_dim_337,0,0,0,0.0,0.0,0.0
scibert_dim_338,0,0,0,0.0,0.0,0.0
scibert_dim_339,0,0,0,0.0,0.0,0.0
scibert_dim_34,0,0,0,0.0,0.0,0.0
scibert_dim_340,0,0,0,0.0,0.0,0.0
scibert_dim_341,0,0,0,0.0,0.0,0.0
scibert_dim_342,0,0,0,0.0,0.0,0.0
scibert_dim_343,0,0,0,0.0,0.0,0.0
scibert_dim_344,0,0,0,0.0,0.0,0.0
scibert_dim_345,0,0,0,0.0,0.0,0.0
scibert_dim_346,0,0,0,0.0,0.0,0.0
scibert_dim_347,0,0,0,0.0,0.0,0.0
scibert_dim_348,0,0,0,0.0,0.0,0.0
scibert_dim_349,0,0,0,0.0,0.0,0.0
scibert_dim_35,0,0,0,0.0,0.0,0.0
scibert_dim_350,0,0,0,0.0,0.0,0.0
scibert_dim_351,0,0,0,0.0,0.0,0.0
scibert_dim_352,0,0,0,0.0,0.0,0.0
scibert_dim_353,0,0,0,0.0,0.0,0.0
scibert_dim_354,0,0,0,0.0,0.0,0.0
scibert_dim_355,0,0,0,0.0,0.0,0.0
scibert_dim_356,0,0,0,0.0,0.0,0.0
scibert_dim_357,0,0,0,0.0,0.0,0.0
scibert_dim_358,0,0,0,0.0,0.0,0.0
scibert_dim_359,0,0,0,0.0,0.0,0.0
scibert_dim_36,0,0,0,0.0,0.0,0.0
scibert_dim_360,0,0,0,0.0,0.0,0.0
scibert_dim_361,0,0,0,0.0,0.0,0.0
scibert_dim_362,0,0,0,0.0,0.0,0.0
scibert_dim_363,0,0,0,0.0,0.0,0.0
scibert_dim_364,0,0,0,0.0,0.0,0.0
scibert_dim_365,0,0,0,0.0,0.0,0.0
scibert_dim_366,0,0,0,0.0,0.0,0.0
scibert_dim_367,0,0,0,0.0,0.0,0.0
scibert_dim_368,0,0,0,0.0,0.0,0.0
scibert_dim_369,0,0,0,0.0,0.0,0.0
scibert_dim_37,0,0,0,0.0,0.0,0.0
scibert_dim_370,0,0,0,0.0,0.0,0.0
scibert_dim_371,0,0,0,0.0,0.0,0.0
scibert_dim_372,0,0,0,0.0,0.0,0.0
scibert_dim_373,0,0,0,0.0,0.0,0.0
scibert_dim_374,0,0,0,0.0,0.0,0.0
scibert_dim_375,0,0,0,0.0,0.0,0.0
scibert_dim_376,0,0,0,0.0,0.0,0.0
scibert_dim_377,0,0,0,0.0,0.0,0.0
scibert_dim_378,0,0,0,0.0,0.0,0.0
scibert_dim_379,0,0,0,0.0,0.0,0.0
scibert_dim_38,0,0,0,0.0,0.0,0.0
scibert_dim_380,0,0,0,0.0,0.0,0.0
scibert_dim_381,0,0,0,0.0,0.0,0.0
scibert_dim_382,0,0,0,0.0,0.0,0.0
scibert_dim_383,0,0,0,0.0,0.0,0.0
scibert_dim_384,0,0,0,0.0,0.0,0.0
scibert_dim_385,0,0,0,0.0,0.0,0.0
scibert_dim_386,0,0,0,0.0,0.0,0.0
scibert_dim_387,0,0,0,0.0,0.0,0.0
scibert_dim_388,0,0,0,0.0,0.0,0.0
scibert_dim_389,0,0,0,0.0,0.0,0.0
scibert_dim_39,0,0,0,0.0,0.0,0.0
scibert_dim_390,0,0,0,0.0,0.0,0.0
scibert_dim_391,0,0,0,0.0,0.0,0.0
scibert_dim_392,0,0,0,0.0,0.0,0.0
scibert_dim_393,0,0,0,0.0,0.0,0.0
scibert_dim_394,0,0,0,0.0,0.0,0.0
scibert_dim_395,0,0,0,0.0,0.0,0.0
scibert_dim_396,0,0,0,0.0,0.0,0.0
scibert_dim_397,0,0,0,0.0,0.0,0.0
scibert_dim_398,0,0,0,0.0,0.0,0.0
scibert_dim_399,0,0,0,0.0,0.0,0.0
scibert_dim_4,0,0,0,0.0,0.0,0.0
scibert_dim_40,0,0,0,0.0,0.0,0.0
scibert_dim_400,0,0,0,0.0,0.0,0.0
scibert_dim_401,0,0,0,0.0,0.0,0.0
scibert_dim_402,0,0,0,0.0,0.0,0.0
scibert_dim_403,0,0,0,0.0,0.0,0.0
scibert_dim_404,0,0,0,0.0,0.0,0.0
scibert_dim_405,0,0,0,0.0,0.0,0.0
scibert_dim_406,0,0,0,0.0,0.0,0.0
scibert_dim_407,0,0,0,0.0,0.0,0.0
scibert_dim_408,0,0,0,0.0,0.0,0.0
scibert_dim_409,0,0,0,0.0,0.0,0.0
scibert_dim_41,0,0,0,0.0,0.0,0.0
scibert_dim_410,0,0,0,0.0,0.0,0.0
scibert_dim_411,0,0,0,0.0,0.0,0.0
scibert_dim_412,0,0,0,0.0,0.0,0.0
scibert_dim_413,0,0,0,0.0,0.0,0.0
scibert_dim_414,0,0,0,0.0,0.0,0.0
scibert_dim_415,0,0,0,0.0,0.0,0.0
scibert_dim_416,0,0,0,0.0,0.0,0.0
scibert_dim_417,0,0,0,0.0,0.0,0.0
scibert_dim_418,0,0,0,0.0,0.0,0.0
scibert_dim_419,0,0,0,0.0,0.0,0.0
scibert_dim_42,0,0,0,0.0,0.0,0.0
scibert_dim_420,0,0,0,0.0,0.0,0.0
scibert_dim_421,0,0,0,0.0,0.0,0.0
scibert_dim_422,0,0,0,0.0,0.0,0.0
scibert_dim_423,0,0,0,0.0,0.0,0.0
scibert_dim_424,0,0,0,0.0,0.0,0.0
scibert_dim_425,0,0,0,0.0,0.0,0.0
scibert_dim_426,0,0,0,0.0,0.0,0.0
scibert_dim_427,0,0,0,0.0,0.0,0.0
scibert_dim_428,0,0,0,0.0,0.0,0.0
scibert_dim_429,0,0,0,0.0,0.0,0.0
scibert_dim_43,0,0,0,0.0,0.0,0.0
scibert_dim_430,0,0,0,0.0,0.0,0.0
scibert_dim_431,0,0,0,0.0,0.0,0.0
scibert_dim_432,0,0,0,0.0,0.0,0.0
scibert_dim_433,0,0,0,0.0,0.0,0.0
scibert_dim_434,0,0,0,0.0,0.0,0.0
scibert_dim_435,0,0,0,0.0,0.0,0.0
scibert_dim_436,0,0,0,0.0,0.0,0.0
scibert_dim_437,0,0,0,0.0,0.0,0.0
scibert_dim_438,0,0,0,0.0,0.0,0.0
scibert_dim_439,0,0,0,0.0,0.0,0.0
scibert_dim_44,0,0,0,0.0,0.0,0.0
scibert_dim_440,0,0,0,0.0,0.0,0.0
scibert_dim_441,0,0,0,0.0,0.0,0.0
scibert_dim_442,0,0,0,0.0,0.0,0.0
scibert_dim_443,0,0,0,0.0,0.0,0.0
scibert_dim_444,0,0,0,0.0,0.0,0.0
scibert_dim_445,0,0,0,0.0,0.0,0.0
scibert_dim_446,0,0,0,0.0,0.0,0.0
scibert_dim_447,0,0,0,0.0,0.0,0.0
scibert_dim_448,0,0,0,0.0,0.0,0.0
scibert_dim_449,0,0,0,0.0,0.0,0.0
scibert_dim_45,0,0,0,0.0,0.0,0.0
scibert_dim_450,0,0,0,0.0,0.0,0.0
scibert_dim_451,0,0,0,0.0,0.0,0.0
scibert_dim_452,0,0,0,0.0,0.0,0.0
scibert_dim_453,0,0,0,0.0,0.0,0.0
scibert_dim_454,0,0,0,0.0,0.0,0.0
scibert_dim_455,0,0,0,0.0,0.0,0.0
scibert_dim_456,0,0,0,0.0,0.0,0.0
scibert_dim_457,0,0,0,0.0,0.0,0.0
scibert_dim_458,0,0,0,0.0,0.0,0.0
scibert_dim_459,0,0,0,0.0,0.0,0.0
scibert_dim_46,0,0,0,0.0,0.0,0.0
scibert_dim_460,0,0,0,0.0,0.0,0.0
scibert_dim_461,0,0,0,0.0,0.0,0.0
scibert_dim_462,0,0,0,0.0,0.0,0.0
scibert_dim_463,0,0,0,0.0,0.0,0.0
scibert_dim_464,0,0,0,0.0,0.0,0.0
scibert_dim_465,0,0,0,0.0,0.0,0.0
scibert_dim_466,0,0,0,0.0,0.0,0.0
scibert_dim_467,0,0,0,0.0,0.0,0.0
scibert_dim_468,0,0,0,0.0,0.0,0.0
scibert_dim_469,0,0,0,0.0,0.0,0.0
scibert_dim_47,0,0,0,0.0,0.0,0.0
scibert_dim_470,0,0,0,0.0,0.0,0.0
scibert_dim_471,0,0,0,0.0,0.0,0.0
scibert_dim_472,0,0,0,0.0,0.0,0.0
scibert_dim_473,0,0,0,0.0,0.0,0.0
scibert_dim_474,0,0,0,0.0,0.0,0.0
scibert_dim_475,0,0,0,0.0,0.0,0.0
scibert_dim_476,0,0,0,0.0,0.0,0.0
scibert_dim_477,0,0,0,0.0,0.0,0.0
scibert_dim_478,0,0,0,0.0,0.0,0.0
scibert_dim_479,0,0,0,0.0,0.0,0.0
scibert_dim_48,0,0,0,0.0,0.0,0.0
scibert_dim_480,0,0,0,0.0,0.0,0.0
scibert_dim_481,0,0,0,0.0,0.0,0.0
scibert_dim_482,0,0,0,0.0,0.0,0.0
scibert_dim_483,0,0,0,0.0,0.0,0.0
scibert_dim_484,0,0,0,0.0,0.0,0.0
scibert_dim_485,0,0,0,0.0,0.0,0.0
scibert_dim_486,0,0,0,0.0,0.0,0.0
scibert_dim_487,0,0,0,0.0,0.0,0.0
scibert_dim_488,0,0,0,0.0,0.0,0.0
scibert_dim_489,0,0,0,0.0,0.0,0.0
scibert_dim_49,0,0,0,0.0,0.0,0.0
scibert_dim_490,0,0,0,0.0,0.0,0.0
scibert_dim_491,0,0,0,0.0,0.0,0.0
scibert_dim_492,0,0,0,0.0,0.0,0.0
scibert_dim_493,0,0,0,0.0,0.0,0.0
scibert_dim_494,0,0,0,0.0,0.0,0.0
scibert_dim_495,0,0,0,0.0,0.0,0.0
scibert_dim_496,0,0,0,0.0,0.0,0.0
scibert_dim_497,0,0,0,0.0,0.0,0.0
scibert_dim_498,0,0,0,0.0,0.0,0.0
scibert_dim_499,0,0,0,0.0,0.0,0.0
scibert_dim_5,0,0,0,0.0,0.0,0.0
scibert_dim_50,0,0,0,0.0,0.0,0.0
scibert_dim_500,0,0,0,0.0,0.0,0.0
scibert_dim_501,0,0,0,0.0,0.0,0.0
scibert_dim_502,0,0,0,0.0,0.0,0.0
scibert_dim_503,0,0,0,0.0,0.0,0.0
scibert_dim_504,0,0,0,0.0,0.0,0.0
scibert_dim_505,0,0,0,0.0,0.0,0.0
scibert_dim_506,0,0,0,0.0,0.0,0.0
scibert_dim_507,0,0,0,0.0,0.0,0.0
scibert_dim_508,0,0,0,0.0,0.0,0.0
scibert_dim_509,0,0,0,0.0,0.0,0.0
scibert_dim_51,0,0,0,0.0,0.0,0.0
scibert_dim_510,0,0,0,0.0,0.0,0.0
scibert_dim_511,0,0,0,0.0,0.0,0.0
scibert_dim_512,0,0,0,0.0,0.0,0.0
scibert_dim_513,0,0,0,0.0,0.0,0.0
scibert_dim_514,0,0,0,0.0,0.0,0.0
scibert_dim_515,0,0,0,0.0,0.0,0.0
scibert_dim_516,0,0,0,0.0,0.0,0.0
scibert_dim_517,0,0,0,0.0,0.0,0.0
scibert_dim_518,0,0,0,0.0,0.0,0.0
scibert_dim_519,0,0,0,0.0,0.0,0.0
scibert_dim_52,0,0,0,0.0,0.0,0.0
scibert_dim_520,0,0,0,0.0,0.0,0.0
scibert_dim_521,0,0,0,0.0,0.0,0.0
scibert_dim_522,0,0,0,0.0,0.0,0.0
scibert_dim_523,0,0,0,0.0,0.0,0.0
scibert_dim_524,0,0,0,0.0,0.0,0.0
scibert_dim_525,0,0,0,0.0,0.0,0.0
scibert_dim_526,0,0,0,0.0,0.0,0.0
scibert_dim_527,0,0,0,0.0,0.0,0.0
scibert_dim_528,0,0,0,0.0,0.0,0.0
scibert_dim_529,0,0,0,0.0,0.0,0.0
scibert_dim_53,0,0,0,0.0,0.0,0.0
scibert_dim_530,0,0,0,0.0,0.0,0.0
scibert_dim_531,0,0,0,0.0,0.0,0.0
scibert_dim_532,0,0,0,0.0,0.0,0.0
scibert_dim_533,0,0,0,0.0,0.0,0.0
scibert_dim_534,0,0,0,0.0,0.0,0.0
scibert_dim_535,0,0,0,0.0,0.0,0.0
scibert_dim_536,0,0,0,0.0,0.0,0.0
scibert_dim_537,0,0,0,0.0,0.0,0.0
scibert_dim_538,0,0,0,0.0,0.0,0.0
scibert_dim_539,0,0,0,0.0,0.0,0.0
scibert_dim_54,0,0,0,0.0,0.0,0.0
scibert_dim_540,0,0,0,0.0,0.0,0.0
scibert_dim_541,0,0,0,0.0,0.0,0.0
scibert_dim_542,0,0,0,0.0,0.0,0.0
scibert_dim_543,0,0,0,0.0,0.0,0.0
scibert_dim_544,0,0,0,0.0,0.0,0.0
scibert_dim_545,0,0,0,0.0,0.0,0.0
scibert_dim_546,0,0,0,0.0,0.0,0.0
scibert_dim_547,0,0,0,0.0,0.0,0.0
scibert_dim_548,0,0,0,0.0,0.0,0.0
scibert_dim_549,0,0,0,0.0,0.0,0.0
scibert_dim_55,0,0,0,0.0,0.0,0.0
scibert_dim_550,0,0,0,0.0,0.0,0.0
scibert_dim_551,0,0,0,0.0,0.0,0.0
scibert_dim_552,0,0,0,0.0,0.0,0.0
scibert_dim_553,0,0,0,0.0,0.0,0.0
scibert_dim_554,0,0,0,0.0,0.0,0.0
scibert_dim_555,0,0,0,0.0,0.0,0.0
scibert_dim_556,0,0,0,0.0,0.0,0.0
scibert_dim_557,0,0,0,0.0,0.0,0.0
scibert_dim_558,0,0,0,0.0,0.0,0.0
scibert_dim_559,0,0,0,0.0,0.0,0.0
scibert_dim_56,0,0,0,0.0,0.0,0.0
scibert_dim_560,0,0,0,0.0,0.0,0.0
scibert_dim_561,0,0,0,0.0,0.0,0.0
scibert_dim_562,0,0,0,0.0,0.0,0.0
scibert_dim_563,0,0,0,0.0,0.0,0.0
scibert_dim_564,0,0,0,0.0,0.0,0.0
scibert_dim_565,0,0,0,0.0,0.0,0.0
scibert_dim_566,0,0,0,0.0,0.0,0.0
scibert_dim_567,0,0,0,0.0,0.0,0.0
scibert_dim_568,0,0,0,0.0,0.0,0.0
scibert_dim_569,0,0,0,0.0,0.0,0.0
scibert_dim_57,0,0,0,0.0,0.0,0.0
scibert_dim_570,0,0,0,0.0,0.0,0.0
scibert_dim_571,0,0,0,0.0,0.0,0.0
scibert_dim_572,0,0,0,0.0,0.0,0.0
scibert_dim_573,0,0,0,0.0,0.0,0.0
scibert_dim_574,0,0,0,0.0,0.0,0.0
scibert_dim_575,0,0,0,0.0,0.0,0.0
scibert_dim_576,0,0,0,0.0,0.0,0.0
scibert_dim_577,0,0,0,0.0,0.0,0.0
scibert_dim_578,0,0,0,0.0,0.0,0.0
scibert_dim_579,0,0,0,0.0,0.0,0.0
scibert_dim_58,0,0,0,0.0,0.0,0.0
scibert_dim_580,0,0,0,0.0,0.0,0.0
scibert_dim_581,0,0,0,0.0,0.0,0.0
scibert_dim_582,0,0,0,0.0,0.0,0.0
scibert_dim_583,0,0,0,0.0,0.0,0.0
scibert_dim_584,0,0,0,0.0,0.0,0.0
scibert_dim_585,0,0,0,0.0,0.0,0.0
scibert_dim_586,0,0,0,0.0,0.0,0.0
scibert_dim_587,0,0,0,0.0,0.0,0.0
scibert_dim_588,0,0,0,0.0,0.0,0.0
scibert_dim_589,0,0,0,0.0,0.0,0.0
scibert_dim_59,0,0,0,0.0,0.0,0.0
scibert_dim_590,0,0,0,0.0,0.0,0.0
scibert_dim_591,0,0,0,0.0,0.0,0.0
scibert_dim_592,0,0,0,0.0,0.0,0.0
scibert_dim_593,0,0,0,0.0,0.0,0.0
scibert_dim_594,0,0,0,0.0,0.0,0.0
scibert_dim_595,0,0,0,0.0,0.0,0.0
scibert_dim_596,0,0,0,0.0,0.0,0.0
scibert_dim_597,0,0,0,0.0,0.0,0.0
scibert_dim_598,0,0,0,0.0,0.0,0.0
scibert_dim_599,0,0,0,0.0,0.0,0.0
scibert_dim_6,0,0,0,0.0,0.0,0.0
scibert_dim_60,0,0,0,0.0,0.0,0.0
scibert_dim_600,0,0,0,0.0,0.0,0.0
scibert_dim_601,0,0,0,0.0,0.0,0.0
scibert_dim_602,0,0,0,0.0,0.0,0.0
scibert_dim_603,0,0,0,0.0,0.0,0.0
scibert_dim_604,0,0,0,0.0,0.0,0.0
scibert_dim_605,0,0,0,0.0,0.0,0.0
scibert_dim_606,0,0,0,0.0,0.0,0.0
scibert_dim_607,0,0,0,0.0,0.0,0.0
scibert_dim_608,0,0,0,0.0,0.0,0.0
scibert_dim_609,0,0,0,0.0,0.0,0.0
scibert_dim_61,0,0,0,0.0,0.0,0.0
scibert_dim_610,0,0,0,0.0,0.0,0.0
scibert_dim_611,0,0,0,0.0,0.0,0.0
scibert_dim_612,0,0,0,0.0,0.0,0.0
scibert_dim_613,0,0,0,0.0,0.0,0.0
scibert_dim_614,0,0,0,0.0,0.0,0.0
scibert_dim_615,0,0,0,0.0,0.0,0.0
scibert_dim_616,0,0,0,0.0,0.0,0.0
scibert_dim_617,0,0,0,0.0,0.0,0.0
scibert_dim_618,0,0,0,0.0,0.0,0.0
scibert_dim_619,0,0,0,0.0,0.0,0.0
scibert_dim_62,0,0,0,0.0,0.0,0.0
scibert_dim_620,0,0,0,0.0,0.0,0.0
scibert_dim_621,0,0,0,0.0,0.0,0.0
scibert_dim_622,0,0,0,0.0,0.0,0.0
scibert_dim_623,0,0,0,0.0,0.0,0.0
scibert_dim_624,0,0,0,0.0,0.0,0.0
scibert_dim_625,0,0,0,0.0,0.0,0.0
scibert_dim_626,0,0,0,0.0,0.0,0.0
scibert_dim_627,0,0,0,0.0,0.0,0.0
scibert_dim_628,0,0,0,0.0,0.0,0.0
scibert_dim_629,0,0,0,0.0,0.0,0.0
scibert_dim_63,0,0,0,0.0,0.0,0.0
scibert_dim_630,0,0,0,0.0,0.0,0.0
scibert_dim_631,0,0,0,0.0,0.0,0.0
scibert_dim_632,0,0,0,0.0,0.0,0.0
scibert_dim_633,0,0,0,0.0,0.0,0.0
scibert_dim_634,0,0,0,0.0,0.0,0.0
scibert_dim_635,0,0,0,0.0,0.0,0.0
scibert_dim_636,0,0,0,0.0,0.0,0.0
scibert_dim_637,0,0,0,0.0,0.0,0.0
scibert_dim_638,0,0,0,0.0,0.0,0.0
scibert_dim_639,0,0,0,0.0,0.0,0.0
scibert_dim_64,0,0,0,0.0,0.0,0.0
scibert_dim_640,0,0,0,0.0,0.0,0.0
scibert_dim_641,0,0,0,0.0,0.0,0.0
scibert_dim_642,0,0,0,0.0,0.0,0.0
scibert_dim_643,0,0,0,0.0,0.0,0.0
scibert_dim_644,0,0,0,0.0,0.0,0.0
scibert_dim_645,0,0,0,0.0,0.0,0.0
scibert_dim_646,0,0,0,0.0,0.0,0.0
scibert_dim_647,0,0,0,0.0,0.0,0.0
scibert_dim_648,0,0,0,0.0,0.0,0.0
scibert_dim_649,0,0,0,0.0,0.0,0.0
scibert_dim_65,0,0,0,0.0,0.0,0.0
scibert_dim_650,0,0,0,0.0,0.0,0.0
scibert_dim_651,0,0,0,0.0,0.0,0.0
scibert_dim_652,0,0,0,0.0,0.0,0.0
scibert_dim_653,0,0,0,0.0,0.0,0.0
scibert_dim_654,0,0,0,0.0,0.0,0.0
scibert_dim_655,0,0,0,0.0,0.0,0.0
scibert_dim_656,0,0,0,0.0,0.0,0.0
scibert_dim_657,0,0,0,0.0,0.0,0.0
scibert_dim_658,0,0,0,0.0,0.0,0.0
scibert_dim_659,0,0,0,0.0,0.0,0.0
scibert_dim_66,0,0,0,0.0,0.0,0.0
scibert_dim_660,0,0,0,0.0,0.0,0.0
scibert_dim_661,0,0,0,0.0,0.0,0.0
scibert_dim_662,0,0,0,0.0,0.0,0.0
scibert_dim_663,0,0,0,0.0,0.0,0.0
scibert_dim_664,0,0,0,0.0,0.0,0.0
scibert_dim_665,0,0,0,0.0,0.0,0.0
scibert_dim_666,0,0,0,0.0,0.0,0.0
scibert_dim_667,0,0,0,0.0,0.0,0.0
scibert_dim_668,0,0,0,0.0,0.0,0.0
scibert_dim_669,0,0,0,0.0,0.0,0.0
scibert_dim_67,0,0,0,0.0,0.0,0.0
scibert_dim_670,0,0,0,0.0,0.0,0.0
scibert_dim_671,0,0,0,0.0,0.0,0.0
scibert_dim_672,0,0,0,0.0,0.0,0.0
scibert_dim_673,0,0,0,0.0,0.0,0.0
scibert_dim_674,0,0,0,0.0,0.0,0.0
scibert_dim_675,0,0,0,0.0,0.0,0.0
scibert_dim_676,0,0,0,0.0,0.0,0.0
scibert_dim_677,0,0,0,0.0,0.0,0.0
scibert_dim_678,0,0,0,0.0,0.0,0.0
scibert_dim_679,0,0,0,0.0,0.0,0.0
scibert_dim_68,0,0,0,0.0,0.0,0.0
scibert_dim_680,0,0,0,0.0,0.0,0.0
scibert_dim_681,0,0,0,0.0,0.0,0.0
scibert_dim_682,0,0,0,0.0,0.0,0.0
scibert_dim_683,0,0,0,0.0,0.0,0.0
scibert_dim_684,0,0,0,0.0,0.0,0.0
scibert_dim_685,0,0,0,0.0,0.0,0.0
scibert_dim_686,0,0,0,0.0,0.0,0.0
scibert_dim_687,0,0,0,0.0,0.0,0.0
scibert_dim_688,0,0,0,0.0,0.0,0.0
scibert_dim_689,0,0,0,0.0,0.0,0.0
scibert_dim_69,0,0,0,0.0,0.0,0.0
scibert_dim_690,0,0,0,0.0,0.0,0.0
scibert_dim_691,0,0,0,0.0,0.0,0.0
scibert_dim_692,0,0,0,0.0,0.0,0.0
scibert_dim_693,0,0,0,0.0,0.0,0.0
scibert_dim_694,0,0,0,0.0,0.0,0.0
scibert_dim_695,0,0,0,0.0,0.0,0.0
scibert_dim_696,0,0,0,0.0,0.0,0.0
scibert_dim_697,0,0,0,0.0,0.0,0.0
scibert_dim_698,0,0,0,0.0,0.0,0.0
scibert_dim_699,0,0,0,0.0,0.0,0.0
scibert_dim_7,0,0,0,0.0,0.0,0.0
scibert_dim_70,0,0,0,0.0,0.0,0.0
scibert_dim_700,0,0,0,0.0,0.0,0.0
scibert_dim_701,0,0,0,0.0,0.0,0.0
scibert_dim_702,0,0,0,0.0,0.0,0.0
scibert_dim_703,0,0,0,0.0,0.0,0.0
scibert_dim_704,0,0,0,0.0,0.0,0.0
scibert_dim_705,0,0,0,0.0,0.0,0.0
scibert_dim_706,0,0,0,0.0,0.0,0.0
scibert_dim_707,0,0,0,0.0,0.0,0.0
scibert_dim_708,0,0,0,0.0,0.0,0.0
scibert_dim_709,0,0,0,0.0,0.0,0.0
scibert_dim_71,0,0,0,0.0,0.0,0.0
scibert_dim_710,0,0,0,0.0,0.0,0.0
scibert_dim_711,0,0,0,0.0,0.0,0.0
scibert_dim_712,0,0,0,0.0,0.0,0.0
scibert_dim_713,0,0,0,0.0,0.0,0.0
scibert_dim_714,0,0,0,0.0,0.0,0.0
scibert_dim_715,0,0,0,0.0,0.0,0.0
scibert_dim_716,0,0,0,0.0,0.0,0.0
scibert_dim_717,0,0,0,0.0,0.0,0.0
scibert_dim_718,0,0,0,0.0,0.0,0.0
scibert_dim_719,0,0,0,0.0,0.0,0.0
scibert_dim_72,0,0,0,0.0,0.0,0.0
scibert_dim_720,0,0,0,0.0,0.0,0.0
scibert_dim_721,0,0,0,0.0,0.0,0.0
scibert_dim_722,0,0,0,0.0,0.0,0.0
scibert_dim_723,0,0,0,0.0,0.0,0.0
scibert_dim_724,0,0,0,0.0,0.0,0.0
scibert_dim_725,0,0,0,0.0,0.0,0.0
scibert_dim_726,0,0,0,0.0,0.0,0.0
scibert_dim_727,0,0,0,0.0,0.0,0.0
scibert_dim_728,0,0,0,0.0,0.0,0.0
scibert_dim_729,0,0,0,0.0,0.0,0.0
scibert_dim_73,0,0,0,0.0,0.0,0.0
scibert_dim_730,0,0,0,0.0,0.0,0.0
scibert_dim_731,0,0,0,0.0,0.0,0.0
scibert_dim_732,0,0,0,0.0,0.0,0.0
scibert_dim_733,0,0,0,0.0,0.0,0.0
scibert_dim_734,0,0,0,0.0,0.0,0.0
scibert_dim_735,0,0,0,0.0,0.0,0.0
scibert_dim_736,0,0,0,0.0,0.0,0.0
scibert_dim_737,0,0,0,0.0,0.0,0.0
scibert_dim_738,0,0,0,0.0,0.0,0.0
scibert_dim_739,0,0,0,0.0,0.0,0.0
scibert_dim_74,0,0,0,0.0,0.0,0.0
scibert_dim_740,0,0,0,0.0,0.0,0.0
scibert_dim_741,0,0,0,0.0,0.0,0.0
scibert_dim_742,0,0,0,0.0,0.0,0.0
scibert_dim_743,0,0,0,0.0,0.0,0.0
scibert_dim_744,0,0,0,0.0,0.0,0.0
scibert_dim_745,0,0,0,0.0,0.0,0.0
scibert_dim_746,0,0,0,0.0,0.0,0.0
scibert_dim_747,0,0,0,0.0,0.0,0.0
scibert_dim_748,0,0,0,0.0,0.0,0.0
scibert_dim_749,0,0,0,0.0,0.0,0.0
scibert_dim_75,0,0,0,0.0,0.0,0.0
scibert_dim_750,0,0,0,0.0,0.0,0.0
scibert_dim_751,0,0,0,0.0,0.0,0.0
scibert_dim_752,0,0,0,0.0,0.0,0.0
scibert_dim_753,0,0,0,0.0,0.0,0.0
scibert_dim_754,0,0,0,0.0,0.0,0.0
scibert_dim_755,0,0,0,0.0,0.0,0.0
scibert_dim_756,0,0,0,0.0,0.0,0.0
scibert_dim_757,0,0,0,0.0,0.0,0.0
scibert_dim_758,0,0,0,0.0,0.0,0.0
scibert_dim_759,0,0,0,0.0,0.0,0.0
scibert_dim_76,0,0,0,0.0,0.0,0.0
scibert_dim_760,0,0,0,0.0,0.0,0.0
scibert_dim_761,0,0,0,0.0,0.0,0.0
scibert_dim_762,0,0,0,0.0,0.0,0.0
scibert_dim_763,0,0,0,0.0,0.0,0.0
scibert_dim_764,0,0,0,0.0,0.0,0.0
scibert_dim_765,0,0,0,0.0,0.0,0.0
scibert_dim_766,0,0,0,0.0,0.0,0.0
scibert_dim_767,0,0,0,0.0,0.0,0.0
scibert_dim_77,0,0,0,0.0,0.0,0.0
scibert_dim_78,0,0,0,0.0,0.0,0.0
scibert_dim_79,0,0,0,0.0,0.0,0.0
scibert_dim_8,0,0,0,0.0,0.0,0.0
scibert_dim_80,0,0,0,0.0,0.0,0.0
scibert_dim_81,0,0,0,0.0,0.0,0.0
scibert_dim_82,0,0,0,0.0,0.0,0.0
scibert_dim_83,0,0,0,0.0,0.0,0.0
scibert_dim_84,0,0,0,0.0,0.0,0.0
scibert_dim_85,0,0,0,0.0,0.0,0.0
scibert_dim_86,0,0,0,0.0,0.0,0.0
scibert_dim_87,0,0,0,0.0,0.0,0.0
scibert_dim_88,0,0,0,0.0,0.0,0.0
scibert_dim_89,0,0,0,0.0,0.0,0.0
scibert_dim_9,0,0,0,0.0,0.0,0.0
scibert_dim_90,0,0,0,0.0,0.0,0.0
scibert_dim_91,0,0,0,0.0,0.0,0.0
scibert_dim_92,0,0,0,0.0,0.0,0.0
scibert_dim_93,0,0,0,0.0,0.0,0.0
scibert_dim_94,0,0,0,0.0,0.0,0.0
scibert_dim_95,0,0,0,0.0,0.0,0.0
scibert_dim_96,0,0,0,0.0,0.0,0.0
scibert_dim_97,0,0,0,0.0,0.0,0.0
scibert_dim_98,0,0,0,0.0,0.0,0.0
scibert_dim_99,0,0,0,0.0,0.0,0.0
sent_transformer_dim_0,0,0,0,0.0,0.0,0.0
sent_transformer_dim_1,0,0,0,0.0,0.0,0.0
sent_transformer_dim_10,0,0,0,0.0,0.0,0.0
sent_transformer_dim_100,0,0,0,0.0,0.0,0.0
sent_transformer_dim_101,0,0,0,0.0,0.0,0.0
sent_transformer_dim_102,0,0,0,0.0,0.0,0.0
sent_transformer_dim_103,0,0,0,0.0,0.0,0.0
sent_transformer_dim_104,0,0,0,0.0,0.0,0.0
sent_transformer_dim_105,0,0,0,0.0,0.0,0.0
sent_transformer_dim_106,0,0,0,0.0,0.0,0.0
sent_transformer_dim_107,0,0,0,0.0,0.0,0.0
sent_transformer_dim_108,0,0,0,0.0,0.0,0.0
sent_transformer_dim_109,0,0,0,0.0,0.0,0.0
sent_transformer_dim_11,0,0,0,0.0,0.0,0.0
sent_transformer_dim_110,0,0,0,0.0,0.0,0.0
sent_transformer_dim_111,0,0,0,0.0,0.0,0.0
sent_transformer_dim_112,0,0,0,0.0,0.0,0.0
sent_transformer_dim_113,0,0,0,0.0,0.0,0.0
sent_transformer_dim_114,0,0,0,0.0,0.0,0.0
sent_transformer_dim_115,0,0,0,0.0,0.0,0.0
sent_transformer_dim_116,0,0,0,0.0,0.0,0.0
sent_transformer_dim_117,0,0,0,0.0,0.0,0.0
sent_transformer_dim_118,0,0,0,0.0,0.0,0.0
sent_transformer_dim_119,0,0,0,0.0,0.0,0.0
sent_transformer_dim_12,0,0,0,0.0,0.0,0.0
sent_transformer_dim_120,0,0,0,0.0,0.0,0.0
sent_transformer_dim_121,0,0,0,0.0,0.0,0.0
sent_transformer_dim_122,0,0,0,0.0,0.0,0.0
sent_transformer_dim_123,0,0,0,0.0,0.0,0.0
sent_transformer_dim_124,0,0,0,0.0,0.0,0.0
sent_transformer_dim_125,0,0,0,0.0,0.0,0.0
sent_transformer_dim_126,0,0,0,0.0,0.0,0.0
sent_transformer_dim_127,0,0,0,0.0,0.0,0.0
sent_transformer_dim_128,0,0,0,0.0,0.0,0.0
sent_transformer_dim_129,0,0,0,0.0,0.0,0.0
sent_transformer_dim_13,0,0,0,0.0,0.0,0.0
sent_transformer_dim_130,0,0,0,0.0,0.0,0.0
sent_transformer_dim_131,0,0,0,0.0,0.0,0.0
sent_transformer_dim_132,0,0,0,0.0,0.0,0.0
sent_transformer_dim_133,0,0,0,0.0,0.0,0.0
sent_transformer_dim_134,0,0,0,0.0,0.0,0.0
sent_transformer_dim_135,0,0,0,0.0,0.0,0.0
sent_transformer_dim_136,0,0,0,0.0,0.0,0.0
sent_transformer_dim_137,0,0,0,0.0,0.0,0.0
sent_transformer_dim_138,0,0,0,0.0,0.0,0.0
sent_transformer_dim_139,0,0,0,0.0,0.0,0.0
sent_transformer_dim_14,0,0,0,0.0,0.0,0.0
sent_transformer_dim_140,0,0,0,0.0,0.0,0.0
sent_transformer_dim_141,0,0,0,0.0,0.0,0.0
sent_transformer_dim_142,0,0,0,0.0,0.0,0.0
sent_transformer_dim_143,0,0,0,0.0,0.0,0.0
sent_transformer_dim_144,0,0,0,0.0,0.0,0.0
sent_transformer_dim_145,0,0,0,0.0,0.0,0.0
sent_transformer_dim_146,0,0,0,0.0,0.0,0.0
sent_transformer_dim_147,0,0,0,0.0,0.0,0.0
sent_transformer_dim_148,0,0,0,0.0,0.0,0.0
sent_transformer_dim_149,0,0,0,0.0,0.0,0.0
sent_transformer_dim_15,0,0,0,0.0,0.0,0.0
sent_transformer_dim_150,0,0,0,0.0,0.0,0.0
sent_transformer_dim_151,0,0,0,0.0,0.0,0.0
sent_transformer_dim_152,0,0,0,0.0,0.0,0.0
sent_transformer_dim_153,0,0,0,0.0,0.0,0.0
sent_transformer_dim_154,0,0,0,0.0,0.0,0.0
sent_transformer_dim_155,0,0,0,0.0,0.0,0.0
sent_transformer_dim_156,0,0,0,0.0,0.0,0.0
sent_transformer_dim_157,0,0,0,0.0,0.0,0.0
sent_transformer_dim_158,0,0,0,0.0,0.0,0.0
sent_transformer_dim_159,0,0,0,0.0,0.0,0.0
sent_transformer_dim_16,0,0,0,0.0,0.0,0.0
sent_transformer_dim_160,0,0,0,0.0,0.0,0.0
sent_transformer_dim_161,0,0,0,0.0,0.0,0.0
sent_transformer_dim_162,0,0,0,0.0,0.0,0.0
sent_transformer_dim_163,0,0,0,0.0,0.0,0.0
sent_transformer_dim_164,0,0,0,0.0,0.0,0.0
sent_transformer_dim_165,0,0,0,0.0,0.0,0.0
sent_transformer_dim_166,0,0,0,0.0,0.0,0.0
sent_transformer_dim_167,0,0,0,0.0,0.0,0.0
sent_transformer_dim_168,0,0,0,0.0,0.0,0.0
sent_transformer_dim_169,0,0,0,0.0,0.0,0.0
sent_transformer_dim_17,0,0,0,0.0,0.0,0.0
sent_transformer_dim_170,0,0,0,0.0,0.0,0.0
sent_transformer_dim_171,0,0,0,0.0,0.0,0.0
sent_transformer_dim_172,0,0,0,0.0,0.0,0.0
sent_transformer_dim_173,0,0,0,0.0,0.0,0.0
sent_transformer_dim_174,0,0,0,0.0,0.0,0.0
sent_transformer_dim_175,0,0,0,0.0,0.0,0.0
sent_transformer_dim_176,0,0,0,0.0,0.0,0.0
sent_transformer_dim_177,0,0,0,0.0,0.0,0.0
sent_transformer_dim_178,0,0,0,0.0,0.0,0.0
sent_transformer_dim_179,0,0,0,0.0,0.0,0.0
sent_transformer_dim_18,0,0,0,0.0,0.0,0.0
sent_transformer_dim_180,0,0,0,0.0,0.0,0.0
sent_transformer_dim_181,0,0,0,0.0,0.0,0.0
sent_transformer_dim_182,0,0,0,0.0,0.0,0.0
sent_transformer_dim_183,0,0,0,0.0,0.0,0.0
sent_transformer_dim_184,0,0,0,0.0,0.0,0.0
sent_transformer_dim_185,0,0,0,0.0,0.0,0.0
sent_transformer_dim_186,0,0,0,0.0,0.0,0.0
sent_transformer_dim_187,0,0,0,0.0,0.0,0.0
sent_transformer_dim_188,0,0,0,0.0,0.0,0.0
sent_transformer_dim_189,0,0,0,0.0,0.0,0.0
sent_transformer_dim_19,0,0,0,0.0,0.0,0.0
sent_transformer_dim_190,0,0,0,0.0,0.0,0.0
sent_transformer_dim_191,0,0,0,0.0,0.0,0.0
sent_transformer_dim_192,0,0,0,0.0,0.0,0.0
sent_transformer_dim_193,0,0,0,0.0,0.0,0.0
sent_transformer_dim_194,0,0,0,0.0,0.0,0.0
sent_transformer_dim_195,0,0,0,0.0,0.0,0.0
sent_transformer_dim_196,0,0,0,0.0,0.0,0.0
sent_transformer_dim_197,0,0,0,0.0,0.0,0.0
sent_transformer_dim_198,0,0,0,0.0,0.0,0.0
sent_transformer_dim_199,0,0,0,0.0,0.0,0.0
sent_transformer_dim_2,0,0,0,0.0,0.0,0.0
sent_transformer_dim_20,0,0,0,0.0,0.0,0.0
sent_transformer_dim_200,0,0,0,0.0,0.0,0.0
sent_transformer_dim_201,0,0,0,0.0,0.0,0.0
sent_transformer_dim_202,0,0,0,0.0,0.0,0.0
sent_transformer_dim_203,0,0,0,0.0,0.0,0.0
sent_transformer_dim_204,0,0,0,0.0,0.0,0.0
sent_transformer_dim_205,0,0,0,0.0,0.0,0.0
sent_transformer_dim_206,0,0,0,0.0,0.0,0.0
sent_transformer_dim_207,0,0,0,0.0,0.0,0.0
sent_transformer_dim_208,0,0,0,0.0,0.0,0.0
sent_transformer_dim_209,0,0,0,0.0,0.0,0.0
sent_transformer_dim_21,0,0,0,0.0,0.0,0.0
sent_transformer_dim_210,0,0,0,0.0,0.0,0.0
sent_transformer_dim_211,0,0,0,0.0,0.0,0.0
sent_transformer_dim_212,0,0,0,0.0,0.0,0.0
sent_transformer_dim_213,0,0,0,0.0,0.0,0.0
sent_transformer_dim_214,0,0,0,0.0,0.0,0.0
sent_transformer_dim_215,0,0,0,0.0,0.0,0.0
sent_transformer_dim_216,0,0,0,0.0,0.0,0.0
sent_transformer_dim_217,0,0,0,0.0,0.0,0.0
sent_transformer_dim_218,0,0,0,0.0,0.0,0.0
sent_transformer_dim_219,0,0,0,0.0,0.0,0.0
sent_transformer_dim_22,0,0,0,0.0,0.0,0.0
sent_transformer_dim_220,0,0,0,0.0,0.0,0.0
sent_transformer_dim_221,0,0,0,0.0,0.0,0.0
sent_transformer_dim_222,0,0,0,0.0,0.0,0.0
sent_transformer_dim_223,0,0,0,0.0,0.0,0.0
sent_transformer_dim_224,0,0,0,0.0,0.0,0.0
sent_transformer_dim_225,0,0,0,0.0,0.0,0.0
sent_transformer_dim_226,0,0,0,0.0,0.0,0.0
sent_transformer_dim_227,0,0,0,0.0,0.0,0.0
sent_transformer_dim_228,0,0,0,0.0,0.0,0.0
sent_transformer_dim_229,0,0,0,0.0,0.0,0.0
sent_transformer_dim_23,0,0,0,0.0,0.0,0.0
sent_transformer_dim_230,0,0,0,0.0,0.0,0.0
sent_transformer_dim_231,0,0,0,0.0,0.0,0.0
sent_transformer_dim_232,0,0,0,0.0,0.0,0.0
sent_transformer_dim_233,0,0,0,0.0,0.0,0.0
sent_transformer_dim_234,0,0,0,0.0,0.0,0.0
sent_transformer_dim_235,0,0,0,0.0,0.0,0.0
sent_transformer_dim_236,0,0,0,0.0,0.0,0.0
sent_transformer_dim_237,0,0,0,0.0,0.0,0.0
sent_transformer_dim_238,0,0,0,0.0,0.0,0.0
sent_transformer_dim_239,0,0,0,0.0,0.0,0.0
sent_transformer_dim_24,0,0,0,0.0,0.0,0.0
sent_transformer_dim_240,0,0,0,0.0,0.0,0.0
sent_transformer_dim_241,0,0,0,0.0,0.0,0.0
sent_transformer_dim_242,0,0,0,0.0,0.0,0.0
sent_transformer_dim_243,0,0,0,0.0,0.0,0.0
sent_transformer_dim_244,0,0,0,0.0,0.0,0.0
sent_transformer_dim_245,0,0,0,0.0,0.0,0.0
sent_transformer_dim_246,0,0,0,0.0,0.0,0.0
sent_transformer_dim_247,0,0,0,0.0,0.0,0.0
sent_transformer_dim_248,0,0,0,0.0,0.0,0.0
sent_transformer_dim_249,0,0,0,0.0,0.0,0.0
sent_transformer_dim_25,0,0,0,0.0,0.0,0.0
sent_transformer_dim_250,0,0,0,0.0,0.0,0.0
sent_transformer_dim_251,0,0,0,0.0,0.0,0.0
sent_transformer_dim_252,0,0,0,0.0,0.0,0.0
sent_transformer_dim_253,0,0,0,0.0,0.0,0.0
sent_transformer_dim_254,0,0,0,0.0,0.0,0.0
sent_transformer_dim_255,0,0,0,0.0,0.0,0.0
sent_transformer_dim_256,0,0,0,0.0,0.0,0.0
sent_transformer_dim_257,0,0,0,0.0,0.0,0.0
sent_transformer_dim_258,0,0,0,0.0,0.0,0.0
sent_transformer_dim_259,0,0,0,0.0,0.0,0.0
sent_transformer_dim_26,0,0,0,0.0,0.0,0.0
sent_transformer_dim_260,0,0,0,0.0,0.0,0.0
sent_transformer_dim_261,0,0,0,0.0,0.0,0.0
sent_transformer_dim_262,0,0,0,0.0,0.0,0.0
sent_transformer_dim_263,0,0,0,0.0,0.0,0.0
sent_transformer_dim_264,0,0,0,0.0,0.0,0.0
sent_transformer_dim_265,0,0,0,0.0,0.0,0.0
sent_transformer_dim_266,0,0,0,0.0,0.0,0.0
sent_transformer_dim_267,0,0,0,0.0,0.0,0.0
sent_transformer_dim_268,0,0,0,0.0,0.0,0.0
sent_transformer_dim_269,0,0,0,0.0,0.0,0.0
sent_transformer_dim_27,0,0,0,0.0,0.0,0.0
sent_transformer_dim_270,0,0,0,0.0,0.0,0.0
sent_transformer_dim_271,0,0,0,0.0,0.0,0.0
sent_transformer_dim_272,0,0,0,0.0,0.0,0.0
sent_transformer_dim_273,0,0,0,0.0,0.0,0.0
sent_transformer_dim_274,0,0,0,0.0,0.0,0.0
sent_transformer_dim_275,0,0,0,0.0,0.0,0.0
sent_transformer_dim_276,0,0,0,0.0,0.0,0.0
sent_transformer_dim_277,0,0,0,0.0,0.0,0.0
sent_transformer_dim_278,0,0,0,0.0,0.0,0.0
sent_transformer_dim_279,0,0,0,0.0,0.0,0.0
sent_transformer_dim_28,0,0,0,0.0,0.0,0.0
sent_transformer_dim_280,0,0,0,0.0,0.0,0.0
sent_transformer_dim_281,0,0,0,0.0,0.0,0.0
sent_transformer_dim_282,0,0,0,0.0,0.0,0.0
sent_transformer_dim_283,0,0,0,0.0,0.0,0.0
sent_transformer_dim_284,0,0,0,0.0,0.0,0.0
sent_transformer_dim_285,0,0,0,0.0,0.0,0.0
sent_transformer_dim_286,0,0,0,0.0,0.0,0.0
sent_transformer_dim_287,0,0,0,0.0,0.0,0.0
sent_transformer_dim_288,0,0,0,0.0,0.0,0.0
sent_transformer_dim_289,0,0,0,0.0,0.0,0.0
sent_transformer_dim_29,0,0,0,0.0,0.0,0.0
sent_transformer_dim_290,0,0,0,0.0,0.0,0.0
sent_transformer_dim_291,0,0,0,0.0,0.0,0.0
sent_transformer_dim_292,0,0,0,0.0,0.0,0.0
sent_transformer_dim_293,0,0,0,0.0,0.0,0.0
sent_transformer_dim_294,0,0,0,0.0,0.0,0.0
sent_transformer_dim_295,0,0,0,0.0,0.0,0.0
sent_transformer_dim_296,0,0,0,0.0,0.0,0.0
sent_transformer_dim_297,0,0,0,0.0,0.0,0.0
sent_transformer_dim_298,0,0,0,0.0,0.0,0.0
sent_transformer_dim_299,0,0,0,0.0,0.0,0.0
sent_transformer_dim_3,0,0,0,0.0,0.0,0.0
sent_transformer_dim_30,0,0,0,0.0,0.0,0.0
sent_transformer_dim_300,0,0,0,0.0,0.0,0.0
sent_transformer_dim_301,0,0,0,0.0,0.0,0.0
sent_transformer_dim_302,0,0,0,0.0,0.0,0.0
sent_transformer_dim_303,0,0,0,0.0,0.0,0.0
sent_transformer_dim_304,0,0,0,0.0,0.0,0.0
sent_transformer_dim_305,0,0,0,0.0,0.0,0.0
sent_transformer_dim_306,0,0,0,0.0,0.0,0.0
sent_transformer_dim_307,0,0,0,0.0,0.0,0.0
sent_transformer_dim_308,0,0,0,0.0,0.0,0.0
sent_transformer_dim_309,0,0,0,0.0,0.0,0.0
sent_transformer_dim_31,0,0,0,0.0,0.0,0.0
sent_transformer_dim_310,0,0,0,0.0,0.0,0.0
sent_transformer_dim_311,0,0,0,0.0,0.0,0.0
sent_transformer_dim_312,0,0,0,0.0,0.0,0.0
sent_transformer_dim_313,0,0,0,0.0,0.0,0.0
sent_transformer_dim_314,0,0,0,0.0,0.0,0.0
sent_transformer_dim_315,0,0,0,0.0,0.0,0.0
sent_transformer_dim_316,0,0,0,0.0,0.0,0.0
sent_transformer_dim_317,0,0,0,0.0,0.0,0.0
sent_transformer_dim_318,0,0,0,0.0,0.0,0.0
sent_transformer_dim_319,0,0,0,0.0,0.0,0.0
sent_transformer_dim_32,0,0,0,0.0,0.0,0.0
sent_transformer_dim_320,0,0,0,0.0,0.0,0.0
sent_transformer_dim_321,0,0,0,0.0,0.0,0.0
sent_transformer_dim_322,0,0,0,0.0,0.0,0.0
sent_transformer_dim_323,0,0,0,0.0,0.0,0.0
sent_transformer_dim_324,0,0,0,0.0,0.0,0.0
sent_transformer_dim_325,0,0,0,0.0,0.0,0.0
sent_transformer_dim_326,0,0,0,0.0,0.0,0.0
sent_transformer_dim_327,0,0,0,0.0,0.0,0.0
sent_transformer_dim_328,0,0,0,0.0,0.0,0.0
sent_transformer_dim_329,0,0,0,0.0,0.0,0.0
sent_transformer_dim_33,0,0,0,0.0,0.0,0.0
sent_transformer_dim_330,0,0,0,0.0,0.0,0.0
sent_transformer_dim_331,0,0,0,0.0,0.0,0.0
sent_transformer_dim_332,0,0,0,0.0,0.0,0.0
sent_transformer_dim_333,0,0,0,0.0,0.0,0.0
sent_transformer_dim_334,0,0,0,0.0,0.0,0.0
sent_transformer_dim_335,0,0,0,0.0,0.0,0.0
sent_transformer_dim_336,0,0,0,0.0,0.0,0.0
sent_transformer_dim_337,0,0,0,0.0,0.0,0.0
sent_transformer_dim_338,0,0,0,0.0,0.0,0.0
sent_transformer_dim_339,0,0,0,0.0,0.0,0.0
sent_transformer_dim_34,0,0,0,0.0,0.0,0.0
sent_transformer_dim_340,0,0,0,0.0,0.0,0.0
sent_transformer_dim_341,0,0,0,0.0,0.0,0.0
sent_transformer_dim_342,0,0,0,0.0,0.0,0.0
sent_transformer_dim_343,0,0,0,0.0,0.0,0.0
sent_transformer_dim_344,0,0,0,0.0,0.0,0.0
sent_transformer_dim_345,0,0,0,0.0,0.0,0.0
sent_transformer_dim_346,0,0,0,0.0,0.0,0.0
sent_transformer_dim_347,0,0,0,0.0,0.0,0.0
sent_transformer_dim_348,0,0,0,0.0,0.0,0.0
sent_transformer_dim_349,0,0,0,0.0,0.0,0.0
sent_transformer_dim_35,0,0,0,0.0,0.0,0.0
sent_transformer_dim_350,0,0,0,0.0,0.0,0.0
sent_transformer_dim_351,0,0,0,0.0,0.0,0.0
sent_transformer_dim_352,0,0,0,0.0,0.0,0.0
sent_transformer_dim_353,0,0,0,0.0,0.0,0.0
sent_transformer_dim_354,0,0,0,0.0,0.0,0.0
sent_transformer_dim_355,0,0,0,0.0,0.0,0.0
sent_transformer_dim_356,0,0,0,0.0,0.0,0.0
sent_transformer_dim_357,0,0,0,0.0,0.0,0.0
sent_transformer_dim_358,0,0,0,0.0,0.0,0.0
sent_transformer_dim_359,0,0,0,0.0,0.0,0.0
sent_transformer_dim_36,0,0,0,0.0,0.0,0.0
sent_transformer_dim_360,0,0,0,0.0,0.0,0.0
sent_transformer_dim_361,0,0,0,0.0,0.0,0.0
sent_transformer_dim_362,0,0,0,0.0,0.0,0.0
sent_transformer_dim_363,0,0,0,0.0,0.0,0.0
sent_transformer_dim_364,0,0,0,0.0,0.0,0.0
sent_transformer_dim_365,0,0,0,0.0,0.0,0.0
sent_transformer_dim_366,0,0,0,0.0,0.0,0.0
sent_transformer_dim_367,0,0,0,0.0,0.0,0.0
sent_transformer_dim_368,0,0,0,0.0,0.0,0.0
sent_transformer_dim_369,0,0,0,0.0,0.0,0.0
sent_transformer_dim_37,0,0,0,0.0,0.0,0.0
sent_transformer_dim_370,0,0,0,0.0,0.0,0.0
sent_transformer_dim_371,0,0,0,0.0,0.0,0.0
sent_transformer_dim_372,0,0,0,0.0,0.0,0.0
sent_transformer_dim_373,0,0,0,0.0,0.0,0.0
sent_transformer_dim_374,0,0,0,0.0,0.0,0.0
sent_transformer_dim_375,0,0,0,0.0,0.0,0.0
sent_transformer_dim_376,0,0,0,0.0,0.0,0.0
sent_transformer_dim_377,0,0,0,0.0,0.0,0.0
sent_transformer_dim_378,0,0,0,0.0,0.0,0.0
sent_transformer_dim_379,0,0,0,0.0,0.0,0.0
sent_transformer_dim_38,0,0,0,0.0,0.0,0.0
sent_transformer_dim_380,0,0,0,0.0,0.0,0.0
sent_transformer_dim_381,0,0,0,0.0,0.0,0.0
sent_transformer_dim_382,0,0,0,0.0,0.0,0.0
sent_transformer_dim_383,0,0,0,0.0,0.0,0.0
sent_transformer_dim_39,0,0,0,0.0,0.0,0.0
sent_transformer_dim_4,0,0,0,0.0,0.0,0.0
sent_transformer_dim_40,0,0,0,0.0,0.0,0.0
sent_transformer_dim_41,0,0,0,0.0,0.0,0.0
sent_transformer_dim_42,0,0,0,0.0,0.0,0.0
sent_transformer_dim_43,0,0,0,0.0,0.0,0.0
sent_transformer_dim_44,0,0,0,0.0,0.0,0.0
sent_transformer_dim_45,0,0,0,0.0,0.0,0.0
sent_transformer_dim_46,0,0,0,0.0,0.0,0.0
sent_transformer_dim_47,0,0,0,0.0,0.0,0.0
sent_transformer_dim_48,0,0,0,0.0,0.0,0.0
sent_transformer_dim_49,0,0,0,0.0,0.0,0.0
sent_transformer_dim_5,0,0,0,0.0,0.0,0.0
sent_transformer_dim_50,0,0,0,0.0,0.0,0.0
sent_transformer_dim_51,0,0,0,0.0,0.0,0.0
sent_transformer_dim_52,0,0,0,0.0,0.0,0.0
sent_transformer_dim_53,0,0,0,0.0,0.0,0.0
sent_transformer_dim_54,0,0,0,0.0,0.0,0.0
sent_transformer_dim_55,0,0,0,0.0,0.0,0.0
sent_transformer_dim_56,0,0,0,0.0,0.0,0.0
sent_transformer_dim_57,0,0,0,0.0,0.0,0.0
sent_transformer_dim_58,0,0,0,0.0,0.0,0.0
sent_transformer_dim_59,0,0,0,0.0,0.0,0.0
sent_transformer_dim_6,0,0,0,0.0,0.0,0.0
sent_transformer_dim_60,0,0,0,0.0,0.0,0.0
sent_transformer_dim_61,0,0,0,0.0,0.0,0.0
sent_transformer_dim_62,0,0,0,0.0,0.0,0.0
sent_transformer_dim_63,0,0,0,0.0,0.0,0.0
sent_transformer_dim_64,0,0,0,0.0,0.0,0.0
sent_transformer_dim_65,0,0,0,0.0,0.0,0.0
sent_transformer_dim_66,0,0,0,0.0,0.0,0.0
sent_transformer_dim_67,0,0,0,0.0,0.0,0.0
sent_transformer_dim_68,0,0,0,0.0,0.0,0.0
sent_transformer_dim_69,0,0,0,0.0,0.0,0.0
sent_transformer_dim_7,0,0,0,0.0,0.0,0.0
sent_transformer_dim_70,0,0,0,0.0,0.0,0.0
sent_transformer_dim_71,0,0,0,0.0,0.0,0.0
sent_transformer_dim_72,0,0,0,0.0,0.0,0.0
sent_transformer_dim_73,0,0,0,0.0,0.0,0.0
sent_transformer_dim_74,0,0,0,0.0,0.0,0.0
sent_transformer_dim_75,0,0,0,0.0,0.0,0.0
sent_transformer_dim_76,0,0,0,0.0,0.0,0.0
sent_transformer_dim_77,0,0,0,0.0,0.0,0.0
sent_transformer_dim_78,0,0,0,0.0,0.0,0.0
sent_transformer_dim_79,0,0,0,0.0,0.0,0.0
sent_transformer_dim_8,0,0,0,0.0,0.0,0.0
sent_transformer_dim_80,0,0,0,0.0,0.0,0.0
sent_transformer_dim_81,0,0,0,0.0,0.0,0.0
sent_transformer_dim_82,0,0,0,0.0,0.0,0.0
sent_transformer_dim_83,0,0,0,0.0,0.0,0.0
sent_transformer_dim_84,0,0,0,0.0,0.0,0.0
sent_transformer_dim_85,0,0,0,0.0,0.0,0.0
sent_transformer_dim_86,0,0,0,0.0,0.0,0.0
sent_transformer_dim_87,0,0,0,0.0,0.0,0.0
sent_transformer_dim_88,0,0,0,0.0,0.0,0.0
sent_transformer_dim_89,0,0,0,0.0,0.0,0.0
sent_transformer_dim_9,0,0,0,0.0,0.0,0.0
sent_transformer_dim_90,0,0,0,0.0,0.0,0.0
sent_transformer_dim_91,0,0,0,0.0,0.0,0.0
sent_transformer_dim_92,0,0,0,0.0,0.0,0.0
sent_transformer_dim_93,0,0,0,0.0,0.0,0.0
sent_transformer_dim_94,0,0,0,0.0,0.0,0.0
sent_transformer_dim_95,0,0,0,0.0,0.0,0.0
sent_transformer_dim_96,0,0,0,0.0,0.0,0.0
sent_transformer_dim_97,0,0,0,0.0,0.0,0.0
sent_transformer_dim_98,0,0,0,0.0,0.0,0.0
sent_transformer_dim_99,0,0,0,0.0,0.0,0.0
specter2_dim_0,0,0,0,0.0,0.0,0.0
specter2_dim_1,0,0,0,0.0,0.0,0.0
specter2_dim_10,0,0,0,0.0,0.0,0.0
specter2_dim_100,0,0,0,0.0,0.0,0.0
specter2_dim_101,0,0,0,0.0,0.0,0.0
specter2_dim_102,0,0,0,0.0,0.0,0.0
specter2_dim_103,0,0,0,0.0,0.0,0.0
specter2_dim_104,0,0,0,0.0,0.0,0.0
specter2_dim_105,0,0,0,0.0,0.0,0.0
specter2_dim_106,0,0,0,0.0,0.0,0.0
specter2_dim_107,0,0,0,0.0,0.0,0.0
specter2_dim_108,0,0,0,0.0,0.0,0.0
specter2_dim_109,0,0,0,0.0,0.0,0.0
specter2_dim_11,0,0,0,0.0,0.0,0.0
specter2_dim_110,0,0,0,0.0,0.0,0.0
specter2_dim_111,0,0,0,0.0,0.0,0.0
specter2_dim_112,0,0,0,0.0,0.0,0.0
specter2_dim_113,0,0,0,0.0,0.0,0.0
specter2_dim_114,0,0,0,0.0,0.0,0.0
specter2_dim_115,0,0,0,0.0,0.0,0.0
specter2_dim_116,0,0,0,0.0,0.0,0.0
specter2_dim_117,0,0,0,0.0,0.0,0.0
specter2_dim_118,0,0,0,0.0,0.0,0.0
specter2_dim_119,0,0,0,0.0,0.0,0.0
specter2_dim_12,0,0,0,0.0,0.0,0.0
specter2_dim_120,0,0,0,0.0,0.0,0.0
specter2_dim_121,0,0,0,0.0,0.0,0.0
specter2_dim_122,0,0,0,0.0,0.0,0.0
specter2_dim_123,0,0,0,0.0,0.0,0.0
specter2_dim_124,0,0,0,0.0,0.0,0.0
specter2_dim_125,0,0,0,0.0,0.0,0.0
specter2_dim_126,0,0,0,0.0,0.0,0.0
specter2_dim_127,0,0,0,0.0,0.0,0.0
specter2_dim_128,0,0,0,0.0,0.0,0.0
specter2_dim_129,0,0,0,0.0,0.0,0.0
specter2_dim_13,0,0,0,0.0,0.0,0.0
specter2_dim_130,0,0,0,0.0,0.0,0.0
specter2_dim_131,0,0,0,0.0,0.0,0.0
specter2_dim_132,0,0,0,0.0,0.0,0.0
specter2_dim_133,0,0,0,0.0,0.0,0.0
specter2_dim_134,0,0,0,0.0,0.0,0.0
specter2_dim_135,0,0,0,0.0,0.0,0.0
specter2_dim_136,0,0,0,0.0,0.0,0.0
specter2_dim_137,0,0,0,0.0,0.0,0.0
specter2_dim_138,0,0,0,0.0,0.0,0.0
specter2_dim_139,0,0,0,0.0,0.0,0.0
specter2_dim_14,0,0,0,0.0,0.0,0.0
specter2_dim_140,0,0,0,0.0,0.0,0.0
specter2_dim_141,0,0,0,0.0,0.0,0.0
specter2_dim_142,0,0,0,0.0,0.0,0.0
specter2_dim_143,0,0,0,0.0,0.0,0.0
specter2_dim_144,0,0,0,0.0,0.0,0.0
specter2_dim_145,0,0,0,0.0,0.0,0.0
specter2_dim_146,0,0,0,0.0,0.0,0.0
specter2_dim_147,0,0,0,0.0,0.0,0.0
specter2_dim_148,0,0,0,0.0,0.0,0.0
specter2_dim_149,0,0,0,0.0,0.0,0.0
specter2_dim_15,0,0,0,0.0,0.0,0.0
specter2_dim_150,0,0,0,0.0,0.0,0.0
specter2_dim_151,0,0,0,0.0,0.0,0.0
specter2_dim_152,0,0,0,0.0,0.0,0.0
specter2_dim_153,0,0,0,0.0,0.0,0.0
specter2_dim_154,0,0,0,0.0,0.0,0.0
specter2_dim_155,0,0,0,0.0,0.0,0.0
specter2_dim_156,0,0,0,0.0,0.0,0.0
specter2_dim_157,0,0,0,0.0,0.0,0.0
specter2_dim_158,0,0,0,0.0,0.0,0.0
specter2_dim_159,0,0,0,0.0,0.0,0.0
specter2_dim_16,0,0,0,0.0,0.0,0.0
specter2_dim_160,0,0,0,0.0,0.0,0.0
specter2_dim_161,0,0,0,0.0,0.0,0.0
specter2_dim_162,0,0,0,0.0,0.0,0.0
specter2_dim_163,0,0,0,0.0,0.0,0.0
specter2_dim_164,0,0,0,0.0,0.0,0.0
specter2_dim_165,0,0,0,0.0,0.0,0.0
specter2_dim_166,0,0,0,0.0,0.0,0.0
specter2_dim_167,0,0,0,0.0,0.0,0.0
specter2_dim_168,0,0,0,0.0,0.0,0.0
specter2_dim_169,0,0,0,0.0,0.0,0.0
specter2_dim_17,0,0,0,0.0,0.0,0.0
specter2_dim_170,0,0,0,0.0,0.0,0.0
specter2_dim_171,0,0,0,0.0,0.0,0.0
specter2_dim_172,0,0,0,0.0,0.0,0.0
specter2_dim_173,0,0,0,0.0,0.0,0.0
specter2_dim_174,0,0,0,0.0,0.0,0.0
specter2_dim_175,0,0,0,0.0,0.0,0.0
specter2_dim_176,0,0,0,0.0,0.0,0.0
specter2_dim_177,0,0,0,0.0,0.0,0.0
specter2_dim_178,0,0,0,0.0,0.0,0.0
specter2_dim_179,0,0,0,0.0,0.0,0.0
specter2_dim_18,0,0,0,0.0,0.0,0.0
specter2_dim_180,0,0,0,0.0,0.0,0.0
specter2_dim_181,0,0,0,0.0,0.0,0.0
specter2_dim_182,0,0,0,0.0,0.0,0.0
specter2_dim_183,0,0,0,0.0,0.0,0.0
specter2_dim_184,0,0,0,0.0,0.0,0.0
specter2_dim_185,0,0,0,0.0,0.0,0.0
specter2_dim_186,0,0,0,0.0,0.0,0.0
specter2_dim_187,0,0,0,0.0,0.0,0.0
specter2_dim_188,0,0,0,0.0,0.0,0.0
specter2_dim_189,0,0,0,0.0,0.0,0.0
specter2_dim_19,0,0,0,0.0,0.0,0.0
specter2_dim_190,0,0,0,0.0,0.0,0.0
specter2_dim_191,0,0,0,0.0,0.0,0.0
specter2_dim_192,0,0,0,0.0,0.0,0.0
specter2_dim_193,0,0,0,0.0,0.0,0.0
specter2_dim_194,0,0,0,0.0,0.0,0.0
specter2_dim_195,0,0,0,0.0,0.0,0.0
specter2_dim_196,0,0,0,0.0,0.0,0.0
specter2_dim_197,0,0,0,0.0,0.0,0.0
specter2_dim_198,0,0,0,0.0,0.0,0.0
specter2_dim_199,0,0,0,0.0,0.0,0.0
specter2_dim_2,0,0,0,0.0,0.0,0.0
specter2_dim_20,0,0,0,0.0,0.0,0.0
specter2_dim_200,0,0,0,0.0,0.0,0.0
specter2_dim_201,0,0,0,0.0,0.0,0.0
specter2_dim_202,0,0,0,0.0,0.0,0.0
specter2_dim_203,0,0,0,0.0,0.0,0.0
specter2_dim_204,0,0,0,0.0,0.0,0.0
specter2_dim_205,0,0,0,0.0,0.0,0.0
specter2_dim_206,0,0,0,0.0,0.0,0.0
specter2_dim_207,0,0,0,0.0,0.0,0.0
specter2_dim_208,0,0,0,0.0,0.0,0.0
specter2_dim_209,0,0,0,0.0,0.0,0.0
specter2_dim_21,0,0,0,0.0,0.0,0.0
specter2_dim_210,0,0,0,0.0,0.0,0.0
specter2_dim_211,0,0,0,0.0,0.0,0.0
specter2_dim_212,0,0,0,0.0,0.0,0.0
specter2_dim_213,0,0,0,0.0,0.0,0.0
specter2_dim_214,0,0,0,0.0,0.0,0.0
specter2_dim_215,0,0,0,0.0,0.0,0.0
specter2_dim_216,0,0,0,0.0,0.0,0.0
specter2_dim_217,0,0,0,0.0,0.0,0.0
specter2_dim_218,0,0,0,0.0,0.0,0.0
specter2_dim_219,0,0,0,0.0,0.0,0.0
specter2_dim_22,0,0,0,0.0,0.0,0.0
specter2_dim_220,0,0,0,0.0,0.0,0.0
specter2_dim_221,0,0,0,0.0,0.0,0.0
specter2_dim_222,0,0,0,0.0,0.0,0.0
specter2_dim_223,0,0,0,0.0,0.0,0.0
specter2_dim_224,0,0,0,0.0,0.0,0.0
specter2_dim_225,0,0,0,0.0,0.0,0.0
specter2_dim_226,0,0,0,0.0,0.0,0.0
specter2_dim_227,0,0,0,0.0,0.0,0.0
specter2_dim_228,0,0,0,0.0,0.0,0.0
specter2_dim_229,0,0,0,0.0,0.0,0.0
specter2_dim_23,0,0,0,0.0,0.0,0.0
specter2_dim_230,0,0,0,0.0,0.0,0.0
specter2_dim_231,0,0,0,0.0,0.0,0.0
specter2_dim_232,0,0,0,0.0,0.0,0.0
specter2_dim_233,0,0,0,0.0,0.0,0.0
specter2_dim_234,0,0,0,0.0,0.0,0.0
specter2_dim_235,0,0,0,0.0,0.0,0.0
specter2_dim_236,0,0,0,0.0,0.0,0.0
specter2_dim_237,0,0,0,0.0,0.0,0.0
specter2_dim_238,0,0,0,0.0,0.0,0.0
specter2_dim_239,0,0,0,0.0,0.0,0.0
specter2_dim_24,0,0,0,0.0,0.0,0.0
specter2_dim_240,0,0,0,0.0,0.0,0.0
specter2_dim_241,0,0,0,0.0,0.0,0.0
specter2_dim_242,0,0,0,0.0,0.0,0.0
specter2_dim_243,0,0,0,0.0,0.0,0.0
specter2_dim_244,0,0,0,0.0,0.0,0.0
specter2_dim_245,0,0,0,0.0,0.0,0.0
specter2_dim_246,0,0,0,0.0,0.0,0.0
specter2_dim_247,0,0,0,0.0,0.0,0.0
specter2_dim_248,0,0,0,0.0,0.0,0.0
specter2_dim_249,0,0,0,0.0,0.0,0.0
specter2_dim_25,0,0,0,0.0,0.0,0.0
specter2_dim_250,0,0,0,0.0,0.0,0.0
specter2_dim_251,0,0,0,0.0,0.0,0.0
specter2_dim_252,0,0,0,0.0,0.0,0.0
specter2_dim_253,0,0,0,0.0,0.0,0.0
specter2_dim_254,0,0,0,0.0,0.0,0.0
specter2_dim_255,0,0,0,0.0,0.0,0.0
specter2_dim_256,0,0,0,0.0,0.0,0.0
specter2_dim_257,0,0,0,0.0,0.0,0.0
specter2_dim_258,0,0,0,0.0,0.0,0.0
specter2_dim_259,0,0,0,0.0,0.0,0.0
specter2_dim_26,0,0,0,0.0,0.0,0.0
specter2_dim_260,0,0,0,0.0,0.0,0.0
specter2_dim_261,0,0,0,0.0,0.0,0.0
specter2_dim_262,0,0,0,0.0,0.0,0.0
specter2_dim_263,0,0,0,0.0,0.0,0.0
specter2_dim_264,0,0,0,0.0,0.0,0.0
specter2_dim_265,0,0,0,0.0,0.0,0.0
specter2_dim_266,0,0,0,0.0,0.0,0.0
specter2_dim_267,0,0,0,0.0,0.0,0.0
specter2_dim_268,0,0,0,0.0,0.0,0.0
specter2_dim_269,0,0,0,0.0,0.0,0.0
specter2_dim_27,0,0,0,0.0,0.0,0.0
specter2_dim_270,0,0,0,0.0,0.0,0.0
specter2_dim_271,0,0,0,0.0,0.0,0.0
specter2_dim_272,0,0,0,0.0,0.0,0.0
specter2_dim_273,0,0,0,0.0,0.0,0.0
specter2_dim_274,0,0,0,0.0,0.0,0.0
specter2_dim_275,0,0,0,0.0,0.0,0.0
specter2_dim_276,0,0,0,0.0,0.0,0.0
specter2_dim_277,0,0,0,0.0,0.0,0.0
specter2_dim_278,0,0,0,0.0,0.0,0.0
specter2_dim_279,0,0,0,0.0,0.0,0.0
specter2_dim_28,0,0,0,0.0,0.0,0.0
specter2_dim_280,0,0,0,0.0,0.0,0.0
specter2_dim_281,0,0,0,0.0,0.0,0.0
specter2_dim_282,0,0,0,0.0,0.0,0.0
specter2_dim_283,0,0,0,0.0,0.0,0.0
specter2_dim_284,0,0,0,0.0,0.0,0.0
specter2_dim_285,0,0,0,0.0,0.0,0.0
specter2_dim_286,0,0,0,0.0,0.0,0.0
specter2_dim_287,0,0,0,0.0,0.0,0.0
specter2_dim_288,0,0,0,0.0,0.0,0.0
specter2_dim_289,0,0,0,0.0,0.0,0.0
specter2_dim_29,0,0,0,0.0,0.0,0.0
specter2_dim_290,0,0,0,0.0,0.0,0.0
specter2_dim_291,0,0,0,0.0,0.0,0.0
specter2_dim_292,0,0,0,0.0,0.0,0.0
specter2_dim_293,0,0,0,0.0,0.0,0.0
specter2_dim_294,0,0,0,0.0,0.0,0.0
specter2_dim_295,0,0,0,0.0,0.0,0.0
specter2_dim_296,0,0,0,0.0,0.0,0.0
specter2_dim_297,0,0,0,0.0,0.0,0.0
specter2_dim_298,0,0,0,0.0,0.0,0.0
specter2_dim_299,0,0,0,0.0,0.0,0.0
specter2_dim_3,0,0,0,0.0,0.0,0.0
specter2_dim_30,0,0,0,0.0,0.0,0.0
specter2_dim_300,0,0,0,0.0,0.0,0.0
specter2_dim_301,0,0,0,0.0,0.0,0.0
specter2_dim_302,0,0,0,0.0,0.0,0.0
specter2_dim_303,0,0,0,0.0,0.0,0.0
specter2_dim_304,0,0,0,0.0,0.0,0.0
specter2_dim_305,0,0,0,0.0,0.0,0.0
specter2_dim_306,0,0,0,0.0,0.0,0.0
specter2_dim_307,0,0,0,0.0,0.0,0.0
specter2_dim_308,0,0,0,0.0,0.0,0.0
specter2_dim_309,0,0,0,0.0,0.0,0.0
specter2_dim_31,0,0,0,0.0,0.0,0.0
specter2_dim_310,0,0,0,0.0,0.0,0.0
specter2_dim_311,0,0,0,0.0,0.0,0.0
specter2_dim_312,0,0,0,0.0,0.0,0.0
specter2_dim_313,0,0,0,0.0,0.0,0.0
specter2_dim_314,0,0,0,0.0,0.0,0.0
specter2_dim_315,0,0,0,0.0,0.0,0.0
specter2_dim_316,0,0,0,0.0,0.0,0.0
specter2_dim_317,0,0,0,0.0,0.0,0.0
specter2_dim_318,0,0,0,0.0,0.0,0.0
specter2_dim_319,0,0,0,0.0,0.0,0.0
specter2_dim_32,0,0,0,0.0,0.0,0.0
specter2_dim_320,0,0,0,0.0,0.0,0.0
specter2_dim_321,0,0,0,0.0,0.0,0.0
specter2_dim_322,0,0,0,0.0,0.0,0.0
specter2_dim_323,0,0,0,0.0,0.0,0.0
specter2_dim_324,0,0,0,0.0,0.0,0.0
specter2_dim_325,0,0,0,0.0,0.0,0.0
specter2_dim_326,0,0,0,0.0,0.0,0.0
specter2_dim_327,0,0,0,0.0,0.0,0.0
specter2_dim_328,0,0,0,0.0,0.0,0.0
specter2_dim_329,0,0,0,0.0,0.0,0.0
specter2_dim_33,0,0,0,0.0,0.0,0.0
specter2_dim_330,0,0,0,0.0,0.0,0.0
specter2_dim_331,0,0,0,0.0,0.0,0.0
specter2_dim_332,0,0,0,0.0,0.0,0.0
specter2_dim_333,0,0,0,0.0,0.0,0.0
specter2_dim_334,0,0,0,0.0,0.0,0.0
specter2_dim_335,0,0,0,0.0,0.0,0.0
specter2_dim_336,0,0,0,0.0,0.0,0.0
specter2_dim_337,0,0,0,0.0,0.0,0.0
specter2_dim_338,0,0,0,0.0,0.0,0.0
specter2_dim_339,0,0,0,0.0,0.0,0.0
specter2_dim_34,0,0,0,0.0,0.0,0.0
specter2_dim_340,0,0,0,0.0,0.0,0.0
specter2_dim_341,0,0,0,0.0,0.0,0.0
specter2_dim_342,0,0,0,0.0,0.0,0.0
specter2_dim_343,0,0,0,0.0,0.0,0.0
specter2_dim_344,0,0,0,0.0,0.0,0.0
specter2_dim_345,0,0,0,0.0,0.0,0.0
specter2_dim_346,0,0,0,0.0,0.0,0.0
specter2_dim_347,0,0,0,0.0,0.0,0.0
specter2_dim_348,0,0,0,0.0,0.0,0.0
specter2_dim_349,0,0,0,0.0,0.0,0.0
specter2_dim_35,0,0,0,0.0,0.0,0.0
specter2_dim_350,0,0,0,0.0,0.0,0.0
specter2_dim_351,0,0,0,0.0,0.0,0.0
specter2_dim_352,0,0,0,0.0,0.0,0.0
specter2_dim_353,0,0,0,0.0,0.0,0.0
specter2_dim_354,0,0,0,0.0,0.0,0.0
specter2_dim_355,0,0,0,0.0,0.0,0.0
specter2_dim_356,0,0,0,0.0,0.0,0.0
specter2_dim_357,0,0,0,0.0,0.0,0.0
specter2_dim_358,0,0,0,0.0,0.0,0.0
specter2_dim_359,0,0,0,0.0,0.0,0.0
specter2_dim_36,0,0,0,0.0,0.0,0.0
specter2_dim_360,0,0,0,0.0,0.0,0.0
specter2_dim_361,0,0,0,0.0,0.0,0.0
specter2_dim_362,0,0,0,0.0,0.0,0.0
specter2_dim_363,0,0,0,0.0,0.0,0.0
specter2_dim_364,0,0,0,0.0,0.0,0.0
specter2_dim_365,0,0,0,0.0,0.0,0.0
specter2_dim_366,0,0,0,0.0,0.0,0.0
specter2_dim_367,0,0,0,0.0,0.0,0.0
specter2_dim_368,0,0,0,0.0,0.0,0.0
specter2_dim_369,0,0,0,0.0,0.0,0.0
specter2_dim_37,0,0,0,0.0,0.0,0.0
specter2_dim_370,0,0,0,0.0,0.0,0.0
specter2_dim_371,0,0,0,0.0,0.0,0.0
specter2_dim_372,0,0,0,0.0,0.0,0.0
specter2_dim_373,0,0,0,0.0,0.0,0.0
specter2_dim_374,0,0,0,0.0,0.0,0.0
specter2_dim_375,0,0,0,0.0,0.0,0.0
specter2_dim_376,0,0,0,0.0,0.0,0.0
specter2_dim_377,0,0,0,0.0,0.0,0.0
specter2_dim_378,0,0,0,0.0,0.0,0.0
specter2_dim_379,0,0,0,0.0,0.0,0.0
specter2_dim_38,0,0,0,0.0,0.0,0.0
specter2_dim_380,0,0,0,0.0,0.0,0.0
specter2_dim_381,0,0,0,0.0,0.0,0.0
specter2_dim_382,0,0,0,0.0,0.0,0.0
specter2_dim_383,0,0,0,0.0,0.0,0.0
specter2_dim_384,0,0,0,0.0,0.0,0.0
specter2_dim_385,0,0,0,0.0,0.0,0.0
specter2_dim_386,0,0,0,0.0,0.0,0.0
specter2_dim_387,0,0,0,0.0,0.0,0.0
specter2_dim_388,0,0,0,0.0,0.0,0.0
specter2_dim_389,0,0,0,0.0,0.0,0.0
specter2_dim_39,0,0,0,0.0,0.0,0.0
specter2_dim_390,0,0,0,0.0,0.0,0.0
specter2_dim_391,0,0,0,0.0,0.0,0.0
specter2_dim_392,0,0,0,0.0,0.0,0.0
specter2_dim_393,0,0,0,0.0,0.0,0.0
specter2_dim_394,0,0,0,0.0,0.0,0.0
specter2_dim_395,0,0,0,0.0,0.0,0.0
specter2_dim_396,0,0,0,0.0,0.0,0.0
specter2_dim_397,0,0,0,0.0,0.0,0.0
specter2_dim_398,0,0,0,0.0,0.0,0.0
specter2_dim_399,0,0,0,0.0,0.0,0.0
specter2_dim_4,0,0,0,0.0,0.0,0.0
specter2_dim_40,0,0,0,0.0,0.0,0.0
specter2_dim_400,0,0,0,0.0,0.0,0.0
specter2_dim_401,0,0,0,0.0,0.0,0.0
specter2_dim_402,0,0,0,0.0,0.0,0.0
specter2_dim_403,0,0,0,0.0,0.0,0.0
specter2_dim_404,0,0,0,0.0,0.0,0.0
specter2_dim_405,0,0,0,0.0,0.0,0.0
specter2_dim_406,0,0,0,0.0,0.0,0.0
specter2_dim_407,0,0,0,0.0,0.0,0.0
specter2_dim_408,0,0,0,0.0,0.0,0.0
specter2_dim_409,0,0,0,0.0,0.0,0.0
specter2_dim_41,0,0,0,0.0,0.0,0.0
specter2_dim_410,0,0,0,0.0,0.0,0.0
specter2_dim_411,0,0,0,0.0,0.0,0.0
specter2_dim_412,0,0,0,0.0,0.0,0.0
specter2_dim_413,0,0,0,0.0,0.0,0.0
specter2_dim_414,0,0,0,0.0,0.0,0.0
specter2_dim_415,0,0,0,0.0,0.0,0.0
specter2_dim_416,0,0,0,0.0,0.0,0.0
specter2_dim_417,0,0,0,0.0,0.0,0.0
specter2_dim_418,0,0,0,0.0,0.0,0.0
specter2_dim_419,0,0,0,0.0,0.0,0.0
specter2_dim_42,0,0,0,0.0,0.0,0.0
specter2_dim_420,0,0,0,0.0,0.0,0.0
specter2_dim_421,0,0,0,0.0,0.0,0.0
specter2_dim_422,0,0,0,0.0,0.0,0.0
specter2_dim_423,0,0,0,0.0,0.0,0.0
specter2_dim_424,0,0,0,0.0,0.0,0.0
specter2_dim_425,0,0,0,0.0,0.0,0.0
specter2_dim_426,0,0,0,0.0,0.0,0.0
specter2_dim_427,0,0,0,0.0,0.0,0.0
specter2_dim_428,0,0,0,0.0,0.0,0.0
specter2_dim_429,0,0,0,0.0,0.0,0.0
specter2_dim_43,0,0,0,0.0,0.0,0.0
specter2_dim_430,0,0,0,0.0,0.0,0.0
specter2_dim_431,0,0,0,0.0,0.0,0.0
specter2_dim_432,0,0,0,0.0,0.0,0.0
specter2_dim_433,0,0,0,0.0,0.0,0.0
specter2_dim_434,0,0,0,0.0,0.0,0.0
specter2_dim_435,0,0,0,0.0,0.0,0.0
specter2_dim_436,0,0,0,0.0,0.0,0.0
specter2_dim_437,0,0,0,0.0,0.0,0.0
specter2_dim_438,0,0,0,0.0,0.0,0.0
specter2_dim_439,0,0,0,0.0,0.0,0.0
specter2_dim_44,0,0,0,0.0,0.0,0.0
specter2_dim_440,0,0,0,0.0,0.0,0.0
specter2_dim_441,0,0,0,0.0,0.0,0.0
specter2_dim_442,0,0,0,0.0,0.0,0.0
specter2_dim_443,0,0,0,0.0,0.0,0.0
specter2_dim_444,0,0,0,0.0,0.0,0.0
specter2_dim_445,0,0,0,0.0,0.0,0.0
specter2_dim_446,0,0,0,0.0,0.0,0.0
specter2_dim_447,0,0,0,0.0,0.0,0.0
specter2_dim_448,0,0,0,0.0,0.0,0.0
specter2_dim_449,0,0,0,0.0,0.0,0.0
specter2_dim_45,0,0,0,0.0,0.0,0.0
specter2_dim_450,0,0,0,0.0,0.0,0.0
specter2_dim_451,0,0,0,0.0,0.0,0.0
specter2_dim_452,0,0,0,0.0,0.0,0.0
specter2_dim_453,0,0,0,0.0,0.0,0.0
specter2_dim_454,0,0,0,0.0,0.0,0.0
specter2_dim_455,0,0,0,0.0,0.0,0.0
specter2_dim_456,0,0,0,0.0,0.0,0.0
specter2_dim_457,0,0,0,0.0,0.0,0.0
specter2_dim_458,0,0,0,0.0,0.0,0.0
specter2_dim_459,0,0,0,0.0,0.0,0.0
specter2_dim_46,0,0,0,0.0,0.0,0.0
specter2_dim_460,0,0,0,0.0,0.0,0.0
specter2_dim_461,0,0,0,0.0,0.0,0.0
specter2_dim_462,0,0,0,0.0,0.0,0.0
specter2_dim_463,0,0,0,0.0,0.0,0.0
specter2_dim_464,0,0,0,0.0,0.0,0.0
specter2_dim_465,0,0,0,0.0,0.0,0.0
specter2_dim_466,0,0,0,0.0,0.0,0.0
specter2_dim_467,0,0,0,0.0,0.0,0.0
specter2_dim_468,0,0,0,0.0,0.0,0.0
specter2_dim_469,0,0,0,0.0,0.0,0.0
specter2_dim_47,0,0,0,0.0,0.0,0.0
specter2_dim_470,0,0,0,0.0,0.0,0.0
specter2_dim_471,0,0,0,0.0,0.0,0.0
specter2_dim_472,0,0,0,0.0,0.0,0.0
specter2_dim_473,0,0,0,0.0,0.0,0.0
specter2_dim_474,0,0,0,0.0,0.0,0.0
specter2_dim_475,0,0,0,0.0,0.0,0.0
specter2_dim_476,0,0,0,0.0,0.0,0.0
specter2_dim_477,0,0,0,0.0,0.0,0.0
specter2_dim_478,0,0,0,0.0,0.0,0.0
specter2_dim_479,0,0,0,0.0,0.0,0.0
specter2_dim_48,0,0,0,0.0,0.0,0.0
specter2_dim_480,0,0,0,0.0,0.0,0.0
specter2_dim_481,0,0,0,0.0,0.0,0.0
specter2_dim_482,0,0,0,0.0,0.0,0.0
specter2_dim_483,0,0,0,0.0,0.0,0.0
specter2_dim_484,0,0,0,0.0,0.0,0.0
specter2_dim_485,0,0,0,0.0,0.0,0.0
specter2_dim_486,0,0,0,0.0,0.0,0.0
specter2_dim_487,0,0,0,0.0,0.0,0.0
specter2_dim_488,0,0,0,0.0,0.0,0.0
specter2_dim_489,0,0,0,0.0,0.0,0.0
specter2_dim_49,0,0,0,0.0,0.0,0.0
specter2_dim_490,0,0,0,0.0,0.0,0.0
specter2_dim_491,0,0,0,0.0,0.0,0.0
specter2_dim_492,0,0,0,0.0,0.0,0.0
specter2_dim_493,0,0,0,0.0,0.0,0.0
specter2_dim_494,0,0,0,0.0,0.0,0.0
specter2_dim_495,0,0,0,0.0,0.0,0.0
specter2_dim_496,0,0,0,0.0,0.0,0.0
specter2_dim_497,0,0,0,0.0,0.0,0.0
specter2_dim_498,0,0,0,0.0,0.0,0.0
specter2_dim_499,0,0,0,0.0,0.0,0.0
specter2_dim_5,0,0,0,0.0,0.0,0.0
specter2_dim_50,0,0,0,0.0,0.0,0.0
specter2_dim_500,0,0,0,0.0,0.0,0.0
specter2_dim_501,0,0,0,0.0,0.0,0.0
specter2_dim_502,0,0,0,0.0,0.0,0.0
specter2_dim_503,0,0,0,0.0,0.0,0.0
specter2_dim_504,0,0,0,0.0,0.0,0.0
specter2_dim_505,0,0,0,0.0,0.0,0.0
specter2_dim_506,0,0,0,0.0,0.0,0.0
specter2_dim_507,0,0,0,0.0,0.0,0.0
specter2_dim_508,0,0,0,0.0,0.0,0.0
specter2_dim_509,0,0,0,0.0,0.0,0.0
specter2_dim_51,0,0,0,0.0,0.0,0.0
specter2_dim_510,0,0,0,0.0,0.0,0.0
specter2_dim_511,0,0,0,0.0,0.0,0.0
specter2_dim_512,0,0,0,0.0,0.0,0.0
specter2_dim_513,0,0,0,0.0,0.0,0.0
specter2_dim_514,0,0,0,0.0,0.0,0.0
specter2_dim_515,0,0,0,0.0,0.0,0.0
specter2_dim_516,0,0,0,0.0,0.0,0.0
specter2_dim_517,0,0,0,0.0,0.0,0.0
specter2_dim_518,0,0,0,0.0,0.0,0.0
specter2_dim_519,0,0,0,0.0,0.0,0.0
specter2_dim_52,0,0,0,0.0,0.0,0.0
specter2_dim_520,0,0,0,0.0,0.0,0.0
specter2_dim_521,0,0,0,0.0,0.0,0.0
specter2_dim_522,0,0,0,0.0,0.0,0.0
specter2_dim_523,0,0,0,0.0,0.0,0.0
specter2_dim_524,0,0,0,0.0,0.0,0.0
specter2_dim_525,0,0,0,0.0,0.0,0.0
specter2_dim_526,0,0,0,0.0,0.0,0.0
specter2_dim_527,0,0,0,0.0,0.0,0.0
specter2_dim_528,0,0,0,0.0,0.0,0.0
specter2_dim_529,0,0,0,0.0,0.0,0.0
specter2_dim_53,0,0,0,0.0,0.0,0.0
specter2_dim_530,0,0,0,0.0,0.0,0.0
specter2_dim_531,0,0,0,0.0,0.0,0.0
specter2_dim_532,0,0,0,0.0,0.0,0.0
specter2_dim_533,0,0,0,0.0,0.0,0.0
specter2_dim_534,0,0,0,0.0,0.0,0.0
specter2_dim_535,0,0,0,0.0,0.0,0.0
specter2_dim_536,0,0,0,0.0,0.0,0.0
specter2_dim_537,0,0,0,0.0,0.0,0.0
specter2_dim_538,0,0,0,0.0,0.0,0.0
specter2_dim_539,0,0,0,0.0,0.0,0.0
specter2_dim_54,0,0,0,0.0,0.0,0.0
specter2_dim_540,0,0,0,0.0,0.0,0.0
specter2_dim_541,0,0,0,0.0,0.0,0.0
specter2_dim_542,0,0,0,0.0,0.0,0.0
specter2_dim_543,0,0,0,0.0,0.0,0.0
specter2_dim_544,0,0,0,0.0,0.0,0.0
specter2_dim_545,0,0,0,0.0,0.0,0.0
specter2_dim_546,0,0,0,0.0,0.0,0.0
specter2_dim_547,0,0,0,0.0,0.0,0.0
specter2_dim_548,0,0,0,0.0,0.0,0.0
specter2_dim_549,0,0,0,0.0,0.0,0.0
specter2_dim_55,0,0,0,0.0,0.0,0.0
specter2_dim_550,0,0,0,0.0,0.0,0.0
specter2_dim_551,0,0,0,0.0,0.0,0.0
specter2_dim_552,0,0,0,0.0,0.0,0.0
specter2_dim_553,0,0,0,0.0,0.0,0.0
specter2_dim_554,0,0,0,0.0,0.0,0.0
specter2_dim_555,0,0,0,0.0,0.0,0.0
specter2_dim_556,0,0,0,0.0,0.0,0.0
specter2_dim_557,0,0,0,0.0,0.0,0.0
specter2_dim_558,0,0,0,0.0,0.0,0.0
specter2_dim_559,0,0,0,0.0,0.0,0.0
specter2_dim_56,0,0,0,0.0,0.0,0.0
specter2_dim_560,0,0,0,0.0,0.0,0.0
specter2_dim_561,0,0,0,0.0,0.0,0.0
specter2_dim_562,0,0,0,0.0,0.0,0.0
specter2_dim_563,0,0,0,0.0,0.0,0.0
specter2_dim_564,0,0,0,0.0,0.0,0.0
specter2_dim_565,0,0,0,0.0,0.0,0.0
specter2_dim_566,0,0,0,0.0,0.0,0.0
specter2_dim_567,0,0,0,0.0,0.0,0.0
specter2_dim_568,0,0,0,0.0,0.0,0.0
specter2_dim_569,0,0,0,0.0,0.0,0.0
specter2_dim_57,0,0,0,0.0,0.0,0.0
specter2_dim_570,0,0,0,0.0,0.0,0.0
specter2_dim_571,0,0,0,0.0,0.0,0.0
specter2_dim_572,0,0,0,0.0,0.0,0.0
specter2_dim_573,0,0,0,0.0,0.0,0.0
specter2_dim_574,0,0,0,0.0,0.0,0.0
specter2_dim_575,0,0,0,0.0,0.0,0.0
specter2_dim_576,0,0,0,0.0,0.0,0.0
specter2_dim_577,0,0,0,0.0,0.0,0.0
specter2_dim_578,0,0,0,0.0,0.0,0.0
specter2_dim_579,0,0,0,0.0,0.0,0.0
specter2_dim_58,0,0,0,0.0,0.0,0.0
specter2_dim_580,0,0,0,0.0,0.0,0.0
specter2_dim_581,0,0,0,0.0,0.0,0.0
specter2_dim_582,0,0,0,0.0,0.0,0.0
specter2_dim_583,0,0,0,0.0,0.0,0.0
specter2_dim_584,0,0,0,0.0,0.0,0.0
specter2_dim_585,0,0,0,0.0,0.0,0.0
specter2_dim_586,0,0,0,0.0,0.0,0.0
specter2_dim_587,0,0,0,0.0,0.0,0.0
specter2_dim_588,0,0,0,0.0,0.0,0.0
specter2_dim_589,0,0,0,0.0,0.0,0.0
specter2_dim_59,0,0,0,0.0,0.0,0.0
specter2_dim_590,0,0,0,0.0,0.0,0.0
specter2_dim_591,0,0,0,0.0,0.0,0.0
specter2_dim_592,0,0,0,0.0,0.0,0.0
specter2_dim_593,0,0,0,0.0,0.0,0.0
specter2_dim_594,0,0,0,0.0,0.0,0.0
specter2_dim_595,0,0,0,0.0,0.0,0.0
specter2_dim_596,0,0,0,0.0,0.0,0.0
specter2_dim_597,0,0,0,0.0,0.0,0.0
specter2_dim_598,0,0,0,0.0,0.0,0.0
specter2_dim_599,0,0,0,0.0,0.0,0.0
specter2_dim_6,0,0,0,0.0,0.0,0.0
specter2_dim_60,0,0,0,0.0,0.0,0.0
specter2_dim_600,0,0,0,0.0,0.0,0.0
specter2_dim_601,0,0,0,0.0,0.0,0.0
specter2_dim_602,0,0,0,0.0,0.0,0.0
specter2_dim_603,0,0,0,0.0,0.0,0.0
specter2_dim_604,0,0,0,0.0,0.0,0.0
specter2_dim_605,0,0,0,0.0,0.0,0.0
specter2_dim_606,0,0,0,0.0,0.0,0.0
specter2_dim_607,0,0,0,0.0,0.0,0.0
specter2_dim_608,0,0,0,0.0,0.0,0.0
specter2_dim_609,0,0,0,0.0,0.0,0.0
specter2_dim_61,0,0,0,0.0,0.0,0.0
specter2_dim_610,0,0,0,0.0,0.0,0.0
specter2_dim_611,0,0,0,0.0,0.0,0.0
specter2_dim_612,0,0,0,0.0,0.0,0.0
specter2_dim_613,0,0,0,0.0,0.0,0.0
specter2_dim_614,0,0,0,0.0,0.0,0.0
specter2_dim_615,0,0,0,0.0,0.0,0.0
specter2_dim_616,0,0,0,0.0,0.0,0.0
specter2_dim_617,0,0,0,0.0,0.0,0.0
specter2_dim_618,0,0,0,0.0,0.0,0.0
specter2_dim_619,0,0,0,0.0,0.0,0.0
specter2_dim_62,0,0,0,0.0,0.0,0.0
specter2_dim_620,0,0,0,0.0,0.0,0.0
specter2_dim_621,0,0,0,0.0,0.0,0.0
specter2_dim_622,0,0,0,0.0,0.0,0.0
specter2_dim_623,0,0,0,0.0,0.0,0.0
specter2_dim_624,0,0,0,0.0,0.0,0.0
specter2_dim_625,0,0,0,0.0,0.0,0.0
specter2_dim_626,0,0,0,0.0,0.0,0.0
specter2_dim_627,0,0,0,0.0,0.0,0.0
specter2_dim_628,0,0,0,0.0,0.0,0.0
specter2_dim_629,0,0,0,0.0,0.0,0.0
specter2_dim_63,0,0,0,0.0,0.0,0.0
specter2_dim_630,0,0,0,0.0,0.0,0.0
specter2_dim_631,0,0,0,0.0,0.0,0.0
specter2_dim_632,0,0,0,0.0,0.0,0.0
specter2_dim_633,0,0,0,0.0,0.0,0.0
specter2_dim_634,0,0,0,0.0,0.0,0.0
specter2_dim_635,0,0,0,0.0,0.0,0.0
specter2_dim_636,0,0,0,0.0,0.0,0.0
specter2_dim_637,0,0,0,0.0,0.0,0.0
specter2_dim_638,0,0,0,0.0,0.0,0.0
specter2_dim_639,0,0,0,0.0,0.0,0.0
specter2_dim_64,0,0,0,0.0,0.0,0.0
specter2_dim_640,0,0,0,0.0,0.0,0.0
specter2_dim_641,0,0,0,0.0,0.0,0.0
specter2_dim_642,0,0,0,0.0,0.0,0.0
specter2_dim_643,0,0,0,0.0,0.0,0.0
specter2_dim_644,0,0,0,0.0,0.0,0.0
specter2_dim_645,0,0,0,0.0,0.0,0.0
specter2_dim_646,0,0,0,0.0,0.0,0.0
specter2_dim_647,0,0,0,0.0,0.0,0.0
specter2_dim_648,0,0,0,0.0,0.0,0.0
specter2_dim_649,0,0,0,0.0,0.0,0.0
specter2_dim_65,0,0,0,0.0,0.0,0.0
specter2_dim_650,0,0,0,0.0,0.0,0.0
specter2_dim_651,0,0,0,0.0,0.0,0.0
specter2_dim_652,0,0,0,0.0,0.0,0.0
specter2_dim_653,0,0,0,0.0,0.0,0.0
specter2_dim_654,0,0,0,0.0,0.0,0.0
specter2_dim_655,0,0,0,0.0,0.0,0.0
specter2_dim_656,0,0,0,0.0,0.0,0.0
specter2_dim_657,0,0,0,0.0,0.0,0.0
specter2_dim_658,0,0,0,0.0,0.0,0.0
specter2_dim_659,0,0,0,0.0,0.0,0.0
specter2_dim_66,0,0,0,0.0,0.0,0.0
specter2_dim_660,0,0,0,0.0,0.0,0.0
specter2_dim_661,0,0,0,0.0,0.0,0.0
specter2_dim_662,0,0,0,0.0,0.0,0.0
specter2_dim_663,0,0,0,0.0,0.0,0.0
specter2_dim_664,0,0,0,0.0,0.0,0.0
specter2_dim_665,0,0,0,0.0,0.0,0.0
specter2_dim_666,0,0,0,0.0,0.0,0.0
specter2_dim_667,0,0,0,0.0,0.0,0.0
specter2_dim_668,0,0,0,0.0,0.0,0.0
specter2_dim_669,0,0,0,0.0,0.0,0.0
specter2_dim_67,0,0,0,0.0,0.0,0.0
specter2_dim_670,0,0,0,0.0,0.0,0.0
specter2_dim_671,0,0,0,0.0,0.0,0.0
specter2_dim_672,0,0,0,0.0,0.0,0.0
specter2_dim_673,0,0,0,0.0,0.0,0.0
specter2_dim_674,0,0,0,0.0,0.0,0.0
specter2_dim_675,0,0,0,0.0,0.0,0.0
specter2_dim_676,0,0,0,0.0,0.0,0.0
specter2_dim_677,0,0,0,0.0,0.0,0.0
specter2_dim_678,0,0,0,0.0,0.0,0.0
specter2_dim_679,0,0,0,0.0,0.0,0.0
specter2_dim_68,0,0,0,0.0,0.0,0.0
specter2_dim_680,0,0,0,0.0,0.0,0.0
specter2_dim_681,0,0,0,0.0,0.0,0.0
specter2_dim_682,0,0,0,0.0,0.0,0.0
specter2_dim_683,0,0,0,0.0,0.0,0.0
specter2_dim_684,0,0,0,0.0,0.0,0.0
specter2_dim_685,0,0,0,0.0,0.0,0.0
specter2_dim_686,0,0,0,0.0,0.0,0.0
specter2_dim_687,0,0,0,0.0,0.0,0.0
specter2_dim_688,0,0,0,0.0,0.0,0.0
specter2_dim_689,0,0,0,0.0,0.0,0.0
specter2_dim_69,0,0,0,0.0,0.0,0.0
specter2_dim_690,0,0,0,0.0,0.0,0.0
specter2_dim_691,0,0,0,0.0,0.0,0.0
specter2_dim_692,0,0,0,0.0,0.0,0.0
specter2_dim_693,0,0,0,0.0,0.0,0.0
specter2_dim_694,0,0,0,0.0,0.0,0.0
specter2_dim_695,0,0,0,0.0,0.0,0.0
specter2_dim_696,0,0,0,0.0,0.0,0.0
specter2_dim_697,0,0,0,0.0,0.0,0.0
specter2_dim_698,0,0,0,0.0,0.0,0.0
specter2_dim_699,0,0,0,0.0,0.0,0.0
specter2_dim_7,0,0,0,0.0,0.0,0.0
specter2_dim_70,0,0,0,0.0,0.0,0.0
specter2_dim_700,0,0,0,0.0,0.0,0.0
specter2_dim_701,0,0,0,0.0,0.0,0.0
specter2_dim_702,0,0,0,0.0,0.0,0.0
specter2_dim_703,0,0,0,0.0,0.0,0.0
specter2_dim_704,0,0,0,0.0,0.0,0.0
specter2_dim_705,0,0,0,0.0,0.0,0.0
specter2_dim_706,0,0,0,0.0,0.0,0.0
specter2_dim_707,0,0,0,0.0,0.0,0.0
specter2_dim_708,0,0,0,0.0,0.0,0.0
specter2_dim_709,0,0,0,0.0,0.0,0.0
specter2_dim_71,0,0,0,0.0,0.0,0.0
specter2_dim_710,0,0,0,0.0,0.0,0.0
specter2_dim_711,0,0,0,0.0,0.0,0.0
specter2_dim_712,0,0,0,0.0,0.0,0.0
specter2_dim_713,0,0,0,0.0,0.0,0.0
specter2_dim_714,0,0,0,0.0,0.0,0.0
specter2_dim_715,0,0,0,0.0,0.0,0.0
specter2_dim_716,0,0,0,0.0,0.0,0.0
specter2_dim_717,0,0,0,0.0,0.0,0.0
specter2_dim_718,0,0,0,0.0,0.0,0.0
specter2_dim_719,0,0,0,0.0,0.0,0.0
specter2_dim_72,0,0,0,0.0,0.0,0.0
specter2_dim_720,0,0,0,0.0,0.0,0.0
specter2_dim_721,0,0,0,0.0,0.0,0.0
specter2_dim_722,0,0,0,0.0,0.0,0.0
specter2_dim_723,0,0,0,0.0,0.0,0.0
specter2_dim_724,0,0,0,0.0,0.0,0.0
specter2_dim_725,0,0,0,0.0,0.0,0.0
specter2_dim_726,0,0,0,0.0,0.0,0.0
specter2_dim_727,0,0,0,0.0,0.0,0.0
specter2_dim_728,0,0,0,0.0,0.0,0.0
specter2_dim_729,0,0,0,0.0,0.0,0.0
specter2_dim_73,0,0,0,0.0,0.0,0.0
specter2_dim_730,0,0,0,0.0,0.0,0.0
specter2_dim_731,0,0,0,0.0,0.0,0.0
specter2_dim_732,0,0,0,0.0,0.0,0.0
specter2_dim_733,0,0,0,0.0,0.0,0.0
specter2_dim_734,0,0,0,0.0,0.0,0.0
specter2_dim_735,0,0,0,0.0,0.0,0.0
specter2_dim_736,0,0,0,0.0,0.0,0.0
specter2_dim_737,0,0,0,0.0,0.0,0.0
specter2_dim_738,0,0,0,0.0,0.0,0.0
specter2_dim_739,0,0,0,0.0,0.0,0.0
specter2_dim_74,0,0,0,0.0,0.0,0.0
specter2_dim_740,0,0,0,0.0,0.0,0.0
specter2_dim_741,0,0,0,0.0,0.0,0.0
specter2_dim_742,0,0,0,0.0,0.0,0.0
specter2_dim_743,0,0,0,0.0,0.0,0.0
specter2_dim_744,0,0,0,0.0,0.0,0.0
specter2_dim_745,0,0,0,0.0,0.0,0.0
specter2_dim_746,0,0,0,0.0,0.0,0.0
specter2_dim_747,0,0,0,0.0,0.0,0.0
specter2_dim_748,0,0,0,0.0,0.0,0.0
specter2_dim_749,0,0,0,0.0,0.0,0.0
specter2_dim_75,0,0,0,0.0,0.0,0.0
specter2_dim_750,0,0,0,0.0,0.0,0.0
specter2_dim_751,0,0,0,0.0,0.0,0.0
specter2_dim_752,0,0,0,0.0,0.0,0.0
specter2_dim_753,0,0,0,0.0,0.0,0.0
specter2_dim_754,0,0,0,0.0,0.0,0.0
specter2_dim_755,0,0,0,0.0,0.0,0.0
specter2_dim_756,0,0,0,0.0,0.0,0.0
specter2_dim_757,0,0,0,0.0,0.0,0.0
specter2_dim_758,0,0,0,0.0,0.0,0.0
specter2_dim_759,0,0,0,0.0,0.0,0.0
specter2_dim_76,0,0,0,0.0,0.0,0.0
specter2_dim_760,0,0,0,0.0,0.0,0.0
specter2_dim_761,0,0,0,0.0,0.0,0.0
specter2_dim_762,0,0,0,0.0,0.0,0.0
specter2_dim_763,0,0,0,0.0,0.0,0.0
specter2_dim_764,0,0,0,0.0,0.0,0.0
specter2_dim_765,0,0,0,0.0,0.0,0.0
specter2_dim_766,0,0,0,0.0,0.0,0.0
specter2_dim_767,0,0,0,0.0,0.0,0.0
specter2_dim_77,0,0,0,0.0,0.0,0.0
specter2_dim_78,0,0,0,0.0,0.0,0.0
specter2_dim_79,0,0,0,0.0,0.0,0.0
specter2_dim_8,0,0,0,0.0,0.0,0.0
specter2_dim_80,0,0,0,0.0,0.0,0.0
specter2_dim_81,0,0,0,0.0,0.0,0.0
specter2_dim_82,0,0,0,0.0,0.0,0.0
specter2_dim_83,0,0,0,0.0,0.0,0.0
specter2_dim_84,0,0,0,0.0,0.0,0.0
specter2_dim_85,0,0,0,0.0,0.0,0.0
specter2_dim_86,0,0,0,0.0,0.0,0.0
specter2_dim_87,0,0,0,0.0,0.0,0.0
specter2_dim_88,0,0,0,0.0,0.0,0.0
specter2_dim_89,0,0,0,0.0,0.0,0.0
specter2_dim_9,0,0,0,0.0,0.0,0.0
specter2_dim_90,0,0,0,0.0,0.0,0.0
specter2_dim_91,0,0,0,0.0,0.0,0.0
specter2_dim_92,0,0,0,0.0,0.0,0.0
specter2_dim_93,0,0,0,0.0,0.0,0.0
specter2_dim_94,0,0,0,0.0,0.0,0.0
specter2_dim_95,0,0,0,0.0,0.0,0.0
specter2_dim_96,0,0,0,0.0,0.0,0.0
specter2_dim_97,0,0,0,0.0,0.0,0.0
specter2_dim_98,0,0,0,0.0,0.0,0.0
specter2_dim_99,0,0,0,0.0,0.0,0.0
